scenarioName,seriesName,period,value
Mitigation_CAP21_A25E65,SEAI_ELECTRICITY,2018,5.938364141177036
Mitigation_CAP21_A25E65,SEAI_ELECTRICITY,2034,1.292844715234205
Mitigation_CAP21_A25E65,SEAI_ELECTRICITY,2035,2.6810918839384046
Mitigation_CAP21_A25E65,SEAI_ELECTRICITY,2036,3.0276313857844213
Mitigation_CAP21_A25E65,SEAI_ELECTRICITY,2037,4.024009537425041
Mitigation_CAP21_A25E65,SEAI_ELECTRICITY,2038,5.215431009758565
Mitigation_CAP21_A25E65,SEAI_ELECTRICITY,2039,6.380828917441696
Mitigation_CAP21_A25E65,SEAI_ELECTRICITY,2040,6.344581071716249
Mitigation_CAP21_A25E65,SEAI_ELECTRICITY,2041,6.422370266600636
Mitigation_CAP21_A25E65,SEAI_ELECTRICITY,2042,6.422370266600641
Mitigation_CAP21_A25E65,SEAI_ELECTRICITY,2043,6.4223702666006375
Mitigation_CAP21_A25E65,SEAI_ELECTRICITY,2044,6.422370266600634
Mitigation_CAP21_A25E65,SEAI_ELECTRICITY,2045,6.422370266600642
Mitigation_CAP21_A25E65,SEAI_ELECTRICITY,2046,6.422370266600646
Mitigation_CAP21_A25E65,SEAI_ELECTRICITY,2047,6.422370266600643
Mitigation_CAP21_A25E65,SEAI_ELECTRICITY,2048,6.422370266600643
Mitigation_CAP21_A25E65,SEAI_ELECTRICITY,2049,6.422370266600638
Mitigation_CAP21_A25E65,SEAI_ELECTRICITY,2050,6.4223702666006455
Mitigation_CAP21_A25E65-BioImp,SEAI_ELECTRICITY,2018,5.938364141177036
Mitigation_CAP21_A25E65-BioImp,SEAI_ELECTRICITY,2034,0.651100127555235
Mitigation_CAP21_A25E65-BioImp,SEAI_ELECTRICITY,2035,1.610037187177215
Mitigation_CAP21_A25E65-BioImp,SEAI_ELECTRICITY,2036,2.3625646691200366
Mitigation_CAP21_A25E65-BioImp,SEAI_ELECTRICITY,2037,3.29998390196722
Mitigation_CAP21_A25E65-BioImp,SEAI_ELECTRICITY,2038,4.630920185767578
Mitigation_CAP21_A25E65-BioImp,SEAI_ELECTRICITY,2039,5.995180921542366
Mitigation_CAP21_A25E65-BioImp,SEAI_ELECTRICITY,2040,6.422370266600648
Mitigation_CAP21_A25E65-BioImp,SEAI_ELECTRICITY,2041,6.422370266600642
Mitigation_CAP21_A25E65-BioImp,SEAI_ELECTRICITY,2042,6.422370266600644
Mitigation_CAP21_A25E65-BioImp,SEAI_ELECTRICITY,2043,6.422370266600641
Mitigation_CAP21_A25E65-BioImp,SEAI_ELECTRICITY,2044,6.422370266600643
Mitigation_CAP21_A25E65-BioImp,SEAI_ELECTRICITY,2045,6.422370266600639
Mitigation_CAP21_A25E65-BioImp,SEAI_ELECTRICITY,2046,6.422370266600634
Mitigation_CAP21_A25E65-BioImp,SEAI_ELECTRICITY,2047,6.422370266600641
Mitigation_CAP21_A25E65-BioImp,SEAI_ELECTRICITY,2048,6.42237026660064
Mitigation_CAP21_A25E65-BioImp,SEAI_ELECTRICITY,2049,6.422370266600641
Mitigation_CAP21_A25E65-BioImp,SEAI_ELECTRICITY,2050,6.4223702666006375
Mitigation_CAP21_A25E65-EA,SEAI_ELECTRICITY,2018,5.938364141177036
Mitigation_CAP21_A25E65-EA,SEAI_ELECTRICITY,2034,1.25185815758232
Mitigation_CAP21_A25E65-EA,SEAI_ELECTRICITY,2035,2.3635550445738867
Mitigation_CAP21_A25E65-EA,SEAI_ELECTRICITY,2036,2.799623399643643
Mitigation_CAP21_A25E65-EA,SEAI_ELECTRICITY,2037,3.875033579674425
Mitigation_CAP21_A25E65-EA,SEAI_ELECTRICITY,2038,5.09233842674176
Mitigation_CAP21_A25E65-EA,SEAI_ELECTRICITY,2039,6.344977418668643
Mitigation_CAP21_A25E65-EA,SEAI_ELECTRICITY,2040,6.391124267010414
Mitigation_CAP21_A25E65-EA,SEAI_ELECTRICITY,2041,6.422370266600632
Mitigation_CAP21_A25E65-EA,SEAI_ELECTRICITY,2042,6.422370266600644
Mitigation_CAP21_A25E65-EA,SEAI_ELECTRICITY,2043,6.42237026660064
Mitigation_CAP21_A25E65-EA,SEAI_ELECTRICITY,2044,6.4223702666006375
Mitigation_CAP21_A25E65-EA,SEAI_ELECTRICITY,2045,6.422370266600643
Mitigation_CAP21_A25E65-EA,SEAI_ELECTRICITY,2046,6.422370266600639
Mitigation_CAP21_A25E65-EA,SEAI_ELECTRICITY,2047,6.422370266600637
Mitigation_CAP21_A25E65-EA,SEAI_ELECTRICITY,2048,6.422370266600633
Mitigation_CAP21_A25E65-EA,SEAI_ELECTRICITY,2049,6.422370266600641
Mitigation_CAP21_A25E65-EA,SEAI_ELECTRICITY,2050,6.422370266600646
Mitigation_CAP21_A25E65-H2Imp,SEAI_ELECTRICITY,2018,5.938364141177036
Mitigation_CAP21_A25E65-H2Imp,SEAI_ELECTRICITY,2033,0.17575916294675142
Mitigation_CAP21_A25E65-H2Imp,SEAI_ELECTRICITY,2034,0.955511909845409
Mitigation_CAP21_A25E65-H2Imp,SEAI_ELECTRICITY,2035,2.082418871640286
Mitigation_CAP21_A25E65-H2Imp,SEAI_ELECTRICITY,2036,2.566802719029341
Mitigation_CAP21_A25E65-H2Imp,SEAI_ELECTRICITY,2037,2.7011735859379313
Mitigation_CAP21_A25E65-H2Imp,SEAI_ELECTRICITY,2038,2.791089788809974
Mitigation_CAP21_A25E65-H2Imp,SEAI_ELECTRICITY,2039,2.7285687806594003
Mitigation_CAP21_A25E65-H2Imp,SEAI_ELECTRICITY,2040,2.350348078848002
Mitigation_CAP21_A25E65-H2Imp,SEAI_ELECTRICITY,2041,2.537289222483658
Mitigation_CAP21_A25E65-H2Imp,SEAI_ELECTRICITY,2042,2.342913478899682
Mitigation_CAP21_A25E65-H2Imp,SEAI_ELECTRICITY,2043,1.6776086676526512
Mitigation_CAP21_A25E65-H2Imp,SEAI_ELECTRICITY,2044,1.7609974581715142
Mitigation_CAP21_A25E65-H2Imp,SEAI_ELECTRICITY,2045,1.582078272576993
Mitigation_CAP21_A25E65-H2Imp,SEAI_ELECTRICITY,2046,1.8734915605991338
Mitigation_CAP21_A25E65-H2Imp,SEAI_ELECTRICITY,2047,1.581550431551283
Mitigation_CAP21_A25E65-H2Imp,SEAI_ELECTRICITY,2048,0.8117551577547416
Mitigation_CAP21_A25E65-H2Imp,SEAI_ELECTRICITY,2049,0.152504179456677
Mitigation_CAP21_A25E65-H2Imp,SEAI_ELECTRICITY,2050,6.4223702666006295
Mitigation_CAP21_A25E65-LA,SEAI_ELECTRICITY,2018,5.938364141177036
Mitigation_CAP21_A25E65-LA,SEAI_ELECTRICITY,2034,1.3294647202516519
Mitigation_CAP21_A25E65-LA,SEAI_ELECTRICITY,2035,2.8536682221704357
Mitigation_CAP21_A25E65-LA,SEAI_ELECTRICITY,2036,3.248680281841608
Mitigation_CAP21_A25E65-LA,SEAI_ELECTRICITY,2037,4.326499561305067
Mitigation_CAP21_A25E65-LA,SEAI_ELECTRICITY,2038,5.59928295380975
Mitigation_CAP21_A25E65-LA,SEAI_ELECTRICITY,2039,6.422370266600642
Mitigation_CAP21_A25E65-LA,SEAI_ELECTRICITY,2040,6.42237026660064
Mitigation_CAP21_A25E65-LA,SEAI_ELECTRICITY,2041,6.422370266600639
Mitigation_CAP21_A25E65-LA,SEAI_ELECTRICITY,2042,6.42237026660064
Mitigation_CAP21_A25E65-LA,SEAI_ELECTRICITY,2043,6.422370266600639
Mitigation_CAP21_A25E65-LA,SEAI_ELECTRICITY,2044,6.4223702666006375
Mitigation_CAP21_A25E65-LA,SEAI_ELECTRICITY,2045,6.422370266600639
Mitigation_CAP21_A25E65-LA,SEAI_ELECTRICITY,2046,6.4223702666006375
Mitigation_CAP21_A25E65-LA,SEAI_ELECTRICITY,2047,6.422370266600642
Mitigation_CAP21_A25E65-LA,SEAI_ELECTRICITY,2048,6.422370266600641
Mitigation_CAP21_A25E65-LA,SEAI_ELECTRICITY,2049,6.422370266600635
Mitigation_CAP21_A25E65-LA,SEAI_ELECTRICITY,2050,6.422370266600641
Mitigation_CAP21_A25E65-LED,SEAI_ELECTRICITY,2018,5.938364141177036
Mitigation_CAP21_A25E65-LED,SEAI_ELECTRICITY,2034,0.225092299836516
Mitigation_CAP21_A25E65-LED,SEAI_ELECTRICITY,2035,0.8950793447909641
Mitigation_CAP21_A25E65-LED,SEAI_ELECTRICITY,2036,1.060491869338849
Mitigation_CAP21_A25E65-LED,SEAI_ELECTRICITY,2037,1.2388208247577746
Mitigation_CAP21_A25E65-LED,SEAI_ELECTRICITY,2038,1.474310508582005
Mitigation_CAP21_A25E65-LED,SEAI_ELECTRICITY,2039,1.907924774890252
Mitigation_CAP21_A25E65-LED,SEAI_ELECTRICITY,2040,2.6891509857882174
Mitigation_CAP21_A25E65-LED,SEAI_ELECTRICITY,2041,3.9787458195983545
Mitigation_CAP21_A25E65-LED,SEAI_ELECTRICITY,2042,4.844545355577001
Mitigation_CAP21_A25E65-LED,SEAI_ELECTRICITY,2043,5.909432732882549
Mitigation_CAP21_A25E65-LED,SEAI_ELECTRICITY,2044,6.422370266600643
Mitigation_CAP21_A25E65-LED,SEAI_ELECTRICITY,2045,6.422370266600641
Mitigation_CAP21_A25E65-LED,SEAI_ELECTRICITY,2046,6.422370266600632
Mitigation_CAP21_A25E65-LED,SEAI_ELECTRICITY,2047,6.422370266600637
Mitigation_CAP21_A25E65-LED,SEAI_ELECTRICITY,2048,6.422370266600648
Mitigation_CAP21_A25E65-LED,SEAI_ELECTRICITY,2049,6.4223702666006375
Mitigation_CAP21_A25E65-LED,SEAI_ELECTRICITY,2050,6.4223702666006375
Mitigation_CAP21_A25E65-LED-techOptimism,SEAI_ELECTRICITY,2018,5.938364141177036
Mitigation_CAP21_A25E65-LED-techOptimism,SEAI_ELECTRICITY,2030,0.857129532799747
Mitigation_CAP21_A25E65-LED-techOptimism,SEAI_ELECTRICITY,2031,3.316060697295751
Mitigation_CAP21_A25E65-LED-techOptimism,SEAI_ELECTRICITY,2032,0.272410445262317
Mitigation_CAP21_A25E65-LED-techOptimism,SEAI_ELECTRICITY,2038,0.0689869981379987
Mitigation_CAP21_A25E65-LED-techOptimism,SEAI_ELECTRICITY,2039,0.224415425502425
Mitigation_CAP21_A25E65-LED-techOptimism,SEAI_ELECTRICITY,2040,0.387018314783944
Mitigation_CAP21_A25E65-LED-techOptimism,SEAI_ELECTRICITY,2041,0.3531128378192978
Mitigation_CAP21_A25E65-LED-techOptimism,SEAI_ELECTRICITY,2042,0.326710602606295
Mitigation_CAP21_A25E65-LED-techOptimism,SEAI_ELECTRICITY,2043,0.252819846553492
Mitigation_CAP21_A25E65-LED-techOptimism,SEAI_ELECTRICITY,2044,0.437823988484521
Mitigation_CAP21_A25E65-LED-techOptimism,SEAI_ELECTRICITY,2045,0.6031257975970004
Mitigation_CAP21_A25E65-LED-techOptimism,SEAI_ELECTRICITY,2046,0.7403476986608455
Mitigation_CAP21_A25E65-LED-techOptimism,SEAI_ELECTRICITY,2047,1.8172883296268871
Mitigation_CAP21_A25E65-LED-techOptimism,SEAI_ELECTRICITY,2048,2.1629680935514153
Mitigation_CAP21_A25E65-LED-techOptimism,SEAI_ELECTRICITY,2049,2.6159072890730695
Mitigation_CAP21_A25E65-LED-techOptimism,SEAI_ELECTRICITY,2050,6.422370266600643
Mitigation_CAP21_A25E65-earlyCCS,SEAI_ELECTRICITY,2018,5.938364141177036
Mitigation_CAP21_A25E65-earlyCCS,SEAI_ELECTRICITY,2034,0.501449275394155
Mitigation_CAP21_A25E65-earlyCCS,SEAI_ELECTRICITY,2035,0.802116597702865
Mitigation_CAP21_A25E65-earlyCCS,SEAI_ELECTRICITY,2036,1.209075874689922
Mitigation_CAP21_A25E65-earlyCCS,SEAI_ELECTRICITY,2037,2.125596437991151
Mitigation_CAP21_A25E65-earlyCCS,SEAI_ELECTRICITY,2038,3.2377942773584
Mitigation_CAP21_A25E65-earlyCCS,SEAI_ELECTRICITY,2039,4.085986041428674
Mitigation_CAP21_A25E65-earlyCCS,SEAI_ELECTRICITY,2040,5.795956782077753
Mitigation_CAP21_A25E65-earlyCCS,SEAI_ELECTRICITY,2041,6.330212728070657
Mitigation_CAP21_A25E65-earlyCCS,SEAI_ELECTRICITY,2042,6.422370266600642
Mitigation_CAP21_A25E65-earlyCCS,SEAI_ELECTRICITY,2043,6.422370266600647
Mitigation_CAP21_A25E65-earlyCCS,SEAI_ELECTRICITY,2044,6.422370266600646
Mitigation_CAP21_A25E65-earlyCCS,SEAI_ELECTRICITY,2045,6.422370266600639
Mitigation_CAP21_A25E65-earlyCCS,SEAI_ELECTRICITY,2046,6.422370266600641
Mitigation_CAP21_A25E65-earlyCCS,SEAI_ELECTRICITY,2047,6.42237026660064
Mitigation_CAP21_A25E65-earlyCCS,SEAI_ELECTRICITY,2048,6.422370266600646
Mitigation_CAP21_A25E65-earlyCCS,SEAI_ELECTRICITY,2049,6.4223702666006455
Mitigation_CAP21_A25E65-earlyCCS,SEAI_ELECTRICITY,2050,6.4223702666006375
Mitigation_CAP21_A25E65-highREN,SEAI_ELECTRICITY,2018,5.938364141177036
Mitigation_CAP21_A25E65-highREN,SEAI_ELECTRICITY,2035,0.924148996291475
Mitigation_CAP21_A25E65-highREN,SEAI_ELECTRICITY,2036,2.708996281679047
Mitigation_CAP21_A25E65-highREN,SEAI_ELECTRICITY,2037,2.12031387990944
Mitigation_CAP21_A25E65-highREN,SEAI_ELECTRICITY,2038,3.215915845504068
Mitigation_CAP21_A25E65-highREN,SEAI_ELECTRICITY,2039,4.675061968083163
Mitigation_CAP21_A25E65-highREN,SEAI_ELECTRICITY,2040,6.377329554762692
Mitigation_CAP21_A25E65-highREN,SEAI_ELECTRICITY,2041,6.422370266600648
Mitigation_CAP21_A25E65-highREN,SEAI_ELECTRICITY,2042,6.422370266600639
Mitigation_CAP21_A25E65-highREN,SEAI_ELECTRICITY,2043,6.422370266600636
Mitigation_CAP21_A25E65-highREN,SEAI_ELECTRICITY,2044,6.422370266600647
Mitigation_CAP21_A25E65-highREN,SEAI_ELECTRICITY,2045,6.422370266600646
Mitigation_CAP21_A25E65-highREN,SEAI_ELECTRICITY,2046,6.4223702666006375
Mitigation_CAP21_A25E65-highREN,SEAI_ELECTRICITY,2047,6.422370266600648
Mitigation_CAP21_A25E65-highREN,SEAI_ELECTRICITY,2048,6.422370266600646
Mitigation_CAP21_A25E65-highREN,SEAI_ELECTRICITY,2049,6.422370266600646
Mitigation_CAP21_A25E65-highREN,SEAI_ELECTRICITY,2050,6.422370266600644
Mitigation_CAP21_A25E65-lowBio,SEAI_ELECTRICITY,2018,5.938364141177036
Mitigation_CAP21_A25E65-lowBio,SEAI_ELECTRICITY,2035,2.500640229846224
Mitigation_CAP21_A25E65-lowBio,SEAI_ELECTRICITY,2036,6.422370266600641
Mitigation_CAP21_A25E65-lowBio,SEAI_ELECTRICITY,2037,5.717884174665884
Mitigation_CAP21_A25E65-lowBio,SEAI_ELECTRICITY,2038,5.896072289353437
Mitigation_CAP21_A25E65-lowBio,SEAI_ELECTRICITY,2039,5.4099144122616725
Mitigation_CAP21_A25E65-lowBio,SEAI_ELECTRICITY,2040,6.100110314531186
Mitigation_CAP21_A25E65-lowBio,SEAI_ELECTRICITY,2041,6.223484897427829
Mitigation_CAP21_A25E65-lowBio,SEAI_ELECTRICITY,2042,6.4223702666006375
Mitigation_CAP21_A25E65-lowBio,SEAI_ELECTRICITY,2043,6.422370266600645
Mitigation_CAP21_A25E65-lowBio,SEAI_ELECTRICITY,2044,6.337270298212996
Mitigation_CAP21_A25E65-lowBio,SEAI_ELECTRICITY,2045,6.4223702666006375
Mitigation_CAP21_A25E65-lowBio,SEAI_ELECTRICITY,2046,6.42237026660064
Mitigation_CAP21_A25E65-lowBio,SEAI_ELECTRICITY,2047,6.422370266600646
Mitigation_CAP21_A25E65-lowBio,SEAI_ELECTRICITY,2048,6.422370266600645
Mitigation_CAP21_A25E65-lowBio,SEAI_ELECTRICITY,2049,6.422370266600644
Mitigation_CAP21_A25E65-lowBio,SEAI_ELECTRICITY,2050,5.913343534109078
Mitigation_CAP21_A25E65-techOptimism,SEAI_ELECTRICITY,2018,5.938364141177036
Mitigation_CAP21_A25E65-techOptimism,SEAI_ELECTRICITY,2035,0.149524971707837
Mitigation_CAP21_A25E65-techOptimism,SEAI_ELECTRICITY,2036,0.408770718718312
Mitigation_CAP21_A25E65-techOptimism,SEAI_ELECTRICITY,2037,0.466641923850133
Mitigation_CAP21_A25E65-techOptimism,SEAI_ELECTRICITY,2038,0.5950789378133732
Mitigation_CAP21_A25E65-techOptimism,SEAI_ELECTRICITY,2039,0.4186091272196259
Mitigation_CAP21_A25E65-techOptimism,SEAI_ELECTRICITY,2040,0.270066281776108
Mitigation_CAP21_A25E65-techOptimism,SEAI_ELECTRICITY,2041,0.415593753545469
Mitigation_CAP21_A25E65-techOptimism,SEAI_ELECTRICITY,2042,0.456342401991368
Mitigation_CAP21_A25E65-techOptimism,SEAI_ELECTRICITY,2043,0.0044071954984268
Mitigation_CAP21_A25E65-techOptimism,SEAI_ELECTRICITY,2050,6.42237026660065
Mitigation_CAP21_A33E61,SEAI_ELECTRICITY,2018,5.938364141177036
Mitigation_CAP21_A33E61,SEAI_ELECTRICITY,2033,0.2589744463794563
Mitigation_CAP21_A33E61,SEAI_ELECTRICITY,2034,1.009355992350963
Mitigation_CAP21_A33E61,SEAI_ELECTRICITY,2035,1.793702103728126
Mitigation_CAP21_A33E61,SEAI_ELECTRICITY,2036,2.415498889528874
Mitigation_CAP21_A33E61,SEAI_ELECTRICITY,2037,3.2170412311315535
Mitigation_CAP21_A33E61,SEAI_ELECTRICITY,2038,4.538061238336579
Mitigation_CAP21_A33E61,SEAI_ELECTRICITY,2039,5.849873045905461
Mitigation_CAP21_A33E61,SEAI_ELECTRICITY,2040,6.314042329427188
Mitigation_CAP21_A33E61,SEAI_ELECTRICITY,2041,6.422370266600637
Mitigation_CAP21_A33E61,SEAI_ELECTRICITY,2042,6.4223702666006375
Mitigation_CAP21_A33E61,SEAI_ELECTRICITY,2043,6.422370266600637
Mitigation_CAP21_A33E61,SEAI_ELECTRICITY,2044,6.4223702666006375
Mitigation_CAP21_A33E61,SEAI_ELECTRICITY,2045,6.422370266600639
Mitigation_CAP21_A33E61,SEAI_ELECTRICITY,2046,6.422370266600645
Mitigation_CAP21_A33E61,SEAI_ELECTRICITY,2047,6.422370266600639
Mitigation_CAP21_A33E61,SEAI_ELECTRICITY,2048,6.422370266600648
Mitigation_CAP21_A33E61,SEAI_ELECTRICITY,2049,6.42237026660064
Mitigation_CAP21_A33E61,SEAI_ELECTRICITY,2050,6.422370266600644
Mitigation_CAP21_A33E61-BioImp,SEAI_ELECTRICITY,2018,5.938364141177036
Mitigation_CAP21_A33E61-BioImp,SEAI_ELECTRICITY,2033,0.050526135384434
Mitigation_CAP21_A33E61-BioImp,SEAI_ELECTRICITY,2034,0.7580069479100122
Mitigation_CAP21_A33E61-BioImp,SEAI_ELECTRICITY,2035,1.4297151362437641
Mitigation_CAP21_A33E61-BioImp,SEAI_ELECTRICITY,2036,2.1117280224236
Mitigation_CAP21_A33E61-BioImp,SEAI_ELECTRICITY,2037,3.0351079400303025
Mitigation_CAP21_A33E61-BioImp,SEAI_ELECTRICITY,2038,4.501753871561174
Mitigation_CAP21_A33E61-BioImp,SEAI_ELECTRICITY,2039,5.752296411181547
Mitigation_CAP21_A33E61-BioImp,SEAI_ELECTRICITY,2040,6.296926664742459
Mitigation_CAP21_A33E61-BioImp,SEAI_ELECTRICITY,2041,6.422370266600641
Mitigation_CAP21_A33E61-BioImp,SEAI_ELECTRICITY,2042,6.422370266600634
Mitigation_CAP21_A33E61-BioImp,SEAI_ELECTRICITY,2043,6.422370266600645
Mitigation_CAP21_A33E61-BioImp,SEAI_ELECTRICITY,2044,6.422370266600633
Mitigation_CAP21_A33E61-BioImp,SEAI_ELECTRICITY,2045,6.422370266600641
Mitigation_CAP21_A33E61-BioImp,SEAI_ELECTRICITY,2046,6.422370266600643
Mitigation_CAP21_A33E61-BioImp,SEAI_ELECTRICITY,2047,6.422370266600635
Mitigation_CAP21_A33E61-BioImp,SEAI_ELECTRICITY,2048,6.42237026660063
Mitigation_CAP21_A33E61-BioImp,SEAI_ELECTRICITY,2049,6.422370266600641
Mitigation_CAP21_A33E61-BioImp,SEAI_ELECTRICITY,2050,6.422370266600643
Mitigation_CAP21_A33E61-EA,SEAI_ELECTRICITY,2018,5.938364141177036
Mitigation_CAP21_A33E61-EA,SEAI_ELECTRICITY,2033,0.3591118709514043
Mitigation_CAP21_A33E61-EA,SEAI_ELECTRICITY,2034,1.084704820281106
Mitigation_CAP21_A33E61-EA,SEAI_ELECTRICITY,2035,1.8857854290747311
Mitigation_CAP21_A33E61-EA,SEAI_ELECTRICITY,2036,2.482542469673748
Mitigation_CAP21_A33E61-EA,SEAI_ELECTRICITY,2037,3.609753806737837
Mitigation_CAP21_A33E61-EA,SEAI_ELECTRICITY,2038,4.893792623323853
Mitigation_CAP21_A33E61-EA,SEAI_ELECTRICITY,2039,6.362260373016053
Mitigation_CAP21_A33E61-EA,SEAI_ELECTRICITY,2040,6.422370266600641
Mitigation_CAP21_A33E61-EA,SEAI_ELECTRICITY,2041,6.422370266600646
Mitigation_CAP21_A33E61-EA,SEAI_ELECTRICITY,2042,6.422370266600641
Mitigation_CAP21_A33E61-EA,SEAI_ELECTRICITY,2043,6.422370266600635
Mitigation_CAP21_A33E61-EA,SEAI_ELECTRICITY,2044,6.422370266600642
Mitigation_CAP21_A33E61-EA,SEAI_ELECTRICITY,2045,6.422370266600632
Mitigation_CAP21_A33E61-EA,SEAI_ELECTRICITY,2046,6.42237026660064
Mitigation_CAP21_A33E61-EA,SEAI_ELECTRICITY,2047,6.422370266600636
Mitigation_CAP21_A33E61-EA,SEAI_ELECTRICITY,2048,6.422370266600641
Mitigation_CAP21_A33E61-EA,SEAI_ELECTRICITY,2049,6.422370266600639
Mitigation_CAP21_A33E61-EA,SEAI_ELECTRICITY,2050,6.422370266600633
Mitigation_CAP21_A33E61-H2Imp,SEAI_ELECTRICITY,2018,5.938364141177036
Mitigation_CAP21_A33E61-H2Imp,SEAI_ELECTRICITY,2034,0.6522214940567927
Mitigation_CAP21_A33E61-H2Imp,SEAI_ELECTRICITY,2035,1.57422944642459
Mitigation_CAP21_A33E61-H2Imp,SEAI_ELECTRICITY,2036,2.292459154902258
Mitigation_CAP21_A33E61-H2Imp,SEAI_ELECTRICITY,2037,2.6593117982238237
Mitigation_CAP21_A33E61-H2Imp,SEAI_ELECTRICITY,2038,2.8463182681812746
Mitigation_CAP21_A33E61-H2Imp,SEAI_ELECTRICITY,2039,2.7139453082620273
Mitigation_CAP21_A33E61-H2Imp,SEAI_ELECTRICITY,2040,2.4305681051813783
Mitigation_CAP21_A33E61-H2Imp,SEAI_ELECTRICITY,2041,2.594846587708933
Mitigation_CAP21_A33E61-H2Imp,SEAI_ELECTRICITY,2042,2.294620912490503
Mitigation_CAP21_A33E61-H2Imp,SEAI_ELECTRICITY,2043,1.6932888653435678
Mitigation_CAP21_A33E61-H2Imp,SEAI_ELECTRICITY,2044,1.796354941302619
Mitigation_CAP21_A33E61-H2Imp,SEAI_ELECTRICITY,2045,1.370845154102851
Mitigation_CAP21_A33E61-H2Imp,SEAI_ELECTRICITY,2046,1.6920774659349531
Mitigation_CAP21_A33E61-H2Imp,SEAI_ELECTRICITY,2047,1.4585358020497659
Mitigation_CAP21_A33E61-H2Imp,SEAI_ELECTRICITY,2048,0.616422780063662
Mitigation_CAP21_A33E61-H2Imp,SEAI_ELECTRICITY,2050,6.422370266600641
Mitigation_CAP21_A33E61-LA,SEAI_ELECTRICITY,2018,5.938364141177036
Mitigation_CAP21_A33E61-LA,SEAI_ELECTRICITY,2034,0.831142863898846
Mitigation_CAP21_A33E61-LA,SEAI_ELECTRICITY,2035,2.009622305405993
Mitigation_CAP21_A33E61-LA,SEAI_ELECTRICITY,2036,2.595864342213027
Mitigation_CAP21_A33E61-LA,SEAI_ELECTRICITY,2037,3.779611779822765
Mitigation_CAP21_A33E61-LA,SEAI_ELECTRICITY,2038,5.263751771856575
Mitigation_CAP21_A33E61-LA,SEAI_ELECTRICITY,2039,6.398170844658747
Mitigation_CAP21_A33E61-LA,SEAI_ELECTRICITY,2040,6.422370266600634
Mitigation_CAP21_A33E61-LA,SEAI_ELECTRICITY,2041,6.422370266600646
Mitigation_CAP21_A33E61-LA,SEAI_ELECTRICITY,2042,6.42237026660063
Mitigation_CAP21_A33E61-LA,SEAI_ELECTRICITY,2043,6.4223702666006375
Mitigation_CAP21_A33E61-LA,SEAI_ELECTRICITY,2044,6.422370266600646
Mitigation_CAP21_A33E61-LA,SEAI_ELECTRICITY,2045,6.422370266600636
Mitigation_CAP21_A33E61-LA,SEAI_ELECTRICITY,2046,6.422370266600637
Mitigation_CAP21_A33E61-LA,SEAI_ELECTRICITY,2047,6.422370266600639
Mitigation_CAP21_A33E61-LA,SEAI_ELECTRICITY,2048,6.422370266600645
Mitigation_CAP21_A33E61-LA,SEAI_ELECTRICITY,2049,6.422370266600634
Mitigation_CAP21_A33E61-LA,SEAI_ELECTRICITY,2050,6.422370266600648
Mitigation_CAP21_A33E61-LED,SEAI_ELECTRICITY,2018,5.938364141177036
Mitigation_CAP21_A33E61-LED,SEAI_ELECTRICITY,2035,0.36678932159387
Mitigation_CAP21_A33E61-LED,SEAI_ELECTRICITY,2036,0.52554485630693
Mitigation_CAP21_A33E61-LED,SEAI_ELECTRICITY,2037,0.854375663461356
Mitigation_CAP21_A33E61-LED,SEAI_ELECTRICITY,2038,1.3879441286807057
Mitigation_CAP21_A33E61-LED,SEAI_ELECTRICITY,2039,1.815723177793165
Mitigation_CAP21_A33E61-LED,SEAI_ELECTRICITY,2040,2.5825845653344013
Mitigation_CAP21_A33E61-LED,SEAI_ELECTRICITY,2041,3.782873271642206
Mitigation_CAP21_A33E61-LED,SEAI_ELECTRICITY,2042,5.185804604155041
Mitigation_CAP21_A33E61-LED,SEAI_ELECTRICITY,2043,5.981943445768227
Mitigation_CAP21_A33E61-LED,SEAI_ELECTRICITY,2044,6.422370266600641
Mitigation_CAP21_A33E61-LED,SEAI_ELECTRICITY,2045,6.422370266600651
Mitigation_CAP21_A33E61-LED,SEAI_ELECTRICITY,2046,6.422370266600634
Mitigation_CAP21_A33E61-LED,SEAI_ELECTRICITY,2047,6.422370266600641
Mitigation_CAP21_A33E61-LED,SEAI_ELECTRICITY,2048,6.4223702666006375
Mitigation_CAP21_A33E61-LED,SEAI_ELECTRICITY,2049,6.422370266600645
Mitigation_CAP21_A33E61-LED,SEAI_ELECTRICITY,2050,6.422370266600637
Mitigation_CAP21_A33E61-LED-techOptimism,SEAI_ELECTRICITY,2018,5.938364141177036
Mitigation_CAP21_A33E61-LED-techOptimism,SEAI_ELECTRICITY,2032,1.645381411856659
Mitigation_CAP21_A33E61-LED-techOptimism,SEAI_ELECTRICITY,2033,0.61384627234276
Mitigation_CAP21_A33E61-LED-techOptimism,SEAI_ELECTRICITY,2034,0.0538450723657533
Mitigation_CAP21_A33E61-LED-techOptimism,SEAI_ELECTRICITY,2035,0.11927801287369161
Mitigation_CAP21_A33E61-LED-techOptimism,SEAI_ELECTRICITY,2036,0.1637666058728442
Mitigation_CAP21_A33E61-LED-techOptimism,SEAI_ELECTRICITY,2037,0.234491406491255
Mitigation_CAP21_A33E61-LED-techOptimism,SEAI_ELECTRICITY,2038,0.3628891020379816
Mitigation_CAP21_A33E61-LED-techOptimism,SEAI_ELECTRICITY,2039,0.5432293795247845
Mitigation_CAP21_A33E61-LED-techOptimism,SEAI_ELECTRICITY,2040,0.5418069840818854
Mitigation_CAP21_A33E61-LED-techOptimism,SEAI_ELECTRICITY,2041,0.3234410337354895
Mitigation_CAP21_A33E61-LED-techOptimism,SEAI_ELECTRICITY,2042,0.4423107237433932
Mitigation_CAP21_A33E61-LED-techOptimism,SEAI_ELECTRICITY,2043,0.4123561141158771
Mitigation_CAP21_A33E61-LED-techOptimism,SEAI_ELECTRICITY,2044,0.5992612253457321
Mitigation_CAP21_A33E61-LED-techOptimism,SEAI_ELECTRICITY,2045,0.834514596658541
Mitigation_CAP21_A33E61-LED-techOptimism,SEAI_ELECTRICITY,2046,1.3790208859648367
Mitigation_CAP21_A33E61-LED-techOptimism,SEAI_ELECTRICITY,2047,1.8053114954260108
Mitigation_CAP21_A33E61-LED-techOptimism,SEAI_ELECTRICITY,2048,2.1375815631787587
Mitigation_CAP21_A33E61-LED-techOptimism,SEAI_ELECTRICITY,2049,2.6485988659996385
Mitigation_CAP21_A33E61-LED-techOptimism,SEAI_ELECTRICITY,2050,6.422370266600639
Mitigation_CAP21_A33E61-earlyCCS,SEAI_ELECTRICITY,2018,5.938364141177036
Mitigation_CAP21_A33E61-earlyCCS,SEAI_ELECTRICITY,2035,0.46759406710057627
Mitigation_CAP21_A33E61-earlyCCS,SEAI_ELECTRICITY,2036,1.04308502099829
Mitigation_CAP21_A33E61-earlyCCS,SEAI_ELECTRICITY,2037,1.986022747143682
Mitigation_CAP21_A33E61-earlyCCS,SEAI_ELECTRICITY,2038,2.788016303157013
Mitigation_CAP21_A33E61-earlyCCS,SEAI_ELECTRICITY,2039,4.49781829092883
Mitigation_CAP21_A33E61-earlyCCS,SEAI_ELECTRICITY,2040,5.624509652544386
Mitigation_CAP21_A33E61-earlyCCS,SEAI_ELECTRICITY,2041,6.259698811727126
Mitigation_CAP21_A33E61-earlyCCS,SEAI_ELECTRICITY,2042,6.422370266600647
Mitigation_CAP21_A33E61-earlyCCS,SEAI_ELECTRICITY,2043,6.4223702666006375
Mitigation_CAP21_A33E61-earlyCCS,SEAI_ELECTRICITY,2044,6.422370266600636
Mitigation_CAP21_A33E61-earlyCCS,SEAI_ELECTRICITY,2045,6.422370266600642
Mitigation_CAP21_A33E61-earlyCCS,SEAI_ELECTRICITY,2046,6.422370266600637
Mitigation_CAP21_A33E61-earlyCCS,SEAI_ELECTRICITY,2047,6.422370266600638
Mitigation_CAP21_A33E61-earlyCCS,SEAI_ELECTRICITY,2048,6.422370266600635
Mitigation_CAP21_A33E61-earlyCCS,SEAI_ELECTRICITY,2049,6.42237026660064
Mitigation_CAP21_A33E61-earlyCCS,SEAI_ELECTRICITY,2050,6.422370266600641
Mitigation_CAP21_A33E61-highREN,SEAI_ELECTRICITY,2018,5.938364141177036
Mitigation_CAP21_A33E61-highREN,SEAI_ELECTRICITY,2035,0.8501391460895031
Mitigation_CAP21_A33E61-highREN,SEAI_ELECTRICITY,2036,2.51989792570072
Mitigation_CAP21_A33E61-highREN,SEAI_ELECTRICITY,2037,1.763829348431097
Mitigation_CAP21_A33E61-highREN,SEAI_ELECTRICITY,2038,2.927846329355948
Mitigation_CAP21_A33E61-highREN,SEAI_ELECTRICITY,2039,4.1963127736537675
Mitigation_CAP21_A33E61-highREN,SEAI_ELECTRICITY,2040,5.907034393817377
Mitigation_CAP21_A33E61-highREN,SEAI_ELECTRICITY,2041,6.422370266600646
Mitigation_CAP21_A33E61-highREN,SEAI_ELECTRICITY,2042,6.422370266600642
Mitigation_CAP21_A33E61-highREN,SEAI_ELECTRICITY,2043,6.422370266600641
Mitigation_CAP21_A33E61-highREN,SEAI_ELECTRICITY,2044,6.422370266600635
Mitigation_CAP21_A33E61-highREN,SEAI_ELECTRICITY,2045,6.422370266600642
Mitigation_CAP21_A33E61-highREN,SEAI_ELECTRICITY,2046,6.422370266600637
Mitigation_CAP21_A33E61-highREN,SEAI_ELECTRICITY,2047,6.422370266600646
Mitigation_CAP21_A33E61-highREN,SEAI_ELECTRICITY,2048,6.422370266600642
Mitigation_CAP21_A33E61-highREN,SEAI_ELECTRICITY,2049,6.422370266600639
Mitigation_CAP21_A33E61-highREN,SEAI_ELECTRICITY,2050,6.4223702666006455
Mitigation_CAP21_A33E61-lowBio,SEAI_ELECTRICITY,2018,5.938364141177036
Mitigation_CAP21_A33E61-lowBio,SEAI_ELECTRICITY,2035,2.535051631253796
Mitigation_CAP21_A33E61-lowBio,SEAI_ELECTRICITY,2036,6.422370266600636
Mitigation_CAP21_A33E61-lowBio,SEAI_ELECTRICITY,2037,4.9868563165200275
Mitigation_CAP21_A33E61-lowBio,SEAI_ELECTRICITY,2038,5.376139917587162
Mitigation_CAP21_A33E61-lowBio,SEAI_ELECTRICITY,2039,5.208775169922967
Mitigation_CAP21_A33E61-lowBio,SEAI_ELECTRICITY,2040,5.058996779695635
Mitigation_CAP21_A33E61-lowBio,SEAI_ELECTRICITY,2041,5.189081504674366
Mitigation_CAP21_A33E61-lowBio,SEAI_ELECTRICITY,2042,5.650304301013208
Mitigation_CAP21_A33E61-lowBio,SEAI_ELECTRICITY,2043,6.268262421812851
Mitigation_CAP21_A33E61-lowBio,SEAI_ELECTRICITY,2044,5.982651937643249
Mitigation_CAP21_A33E61-lowBio,SEAI_ELECTRICITY,2045,6.422370266600641
Mitigation_CAP21_A33E61-lowBio,SEAI_ELECTRICITY,2046,6.4223702666006375
Mitigation_CAP21_A33E61-lowBio,SEAI_ELECTRICITY,2047,6.4223702666006375
Mitigation_CAP21_A33E61-lowBio,SEAI_ELECTRICITY,2048,6.422370266600637
Mitigation_CAP21_A33E61-lowBio,SEAI_ELECTRICITY,2049,6.422370266600643
Mitigation_CAP21_A33E61-lowBio,SEAI_ELECTRICITY,2050,6.364518902973735
Mitigation_CAP21_A33E61-techOptimism,SEAI_ELECTRICITY,2018,5.938364141177036
Mitigation_CAP21_A33E61-techOptimism,SEAI_ELECTRICITY,2036,0.292628823156795
Mitigation_CAP21_A33E61-techOptimism,SEAI_ELECTRICITY,2037,0.41054043083131503
Mitigation_CAP21_A33E61-techOptimism,SEAI_ELECTRICITY,2038,0.5573186417190366
Mitigation_CAP21_A33E61-techOptimism,SEAI_ELECTRICITY,2039,0.264540280208214
Mitigation_CAP21_A33E61-techOptimism,SEAI_ELECTRICITY,2040,0.251567957611394
Mitigation_CAP21_A33E61-techOptimism,SEAI_ELECTRICITY,2041,0.388873644419421
Mitigation_CAP21_A33E61-techOptimism,SEAI_ELECTRICITY,2042,0.436820469997135
Mitigation_CAP21_A33E61-techOptimism,SEAI_ELECTRICITY,2050,6.422370266600643
Mitigation_CAP21_A40E57,SEAI_ELECTRICITY,2018,5.938364141177036
Mitigation_CAP21_A40E57,SEAI_ELECTRICITY,2034,0.350425193102668
Mitigation_CAP21_A40E57,SEAI_ELECTRICITY,2035,1.21490012393006
Mitigation_CAP21_A40E57,SEAI_ELECTRICITY,2036,1.857867809917305
Mitigation_CAP21_A40E57,SEAI_ELECTRICITY,2037,2.8466235227886565
Mitigation_CAP21_A40E57,SEAI_ELECTRICITY,2038,4.211737276860659
Mitigation_CAP21_A40E57,SEAI_ELECTRICITY,2039,5.589936937543723
Mitigation_CAP21_A40E57,SEAI_ELECTRICITY,2040,6.392948933098437
Mitigation_CAP21_A40E57,SEAI_ELECTRICITY,2041,6.42237026660064
Mitigation_CAP21_A40E57,SEAI_ELECTRICITY,2042,6.422370266600635
Mitigation_CAP21_A40E57,SEAI_ELECTRICITY,2043,6.422370266600645
Mitigation_CAP21_A40E57,SEAI_ELECTRICITY,2044,6.42237026660064
Mitigation_CAP21_A40E57,SEAI_ELECTRICITY,2045,6.422370266600638
Mitigation_CAP21_A40E57,SEAI_ELECTRICITY,2046,6.4223702666006375
Mitigation_CAP21_A40E57,SEAI_ELECTRICITY,2047,6.422370266600647
Mitigation_CAP21_A40E57,SEAI_ELECTRICITY,2048,6.422370266600641
Mitigation_CAP21_A40E57,SEAI_ELECTRICITY,2049,6.42237026660064
Mitigation_CAP21_A40E57,SEAI_ELECTRICITY,2050,6.422370266600638
Mitigation_CAP21_A40E57-BioImp,SEAI_ELECTRICITY,2018,5.938364141177036
Mitigation_CAP21_A40E57-BioImp,SEAI_ELECTRICITY,2034,0.151723010374479
Mitigation_CAP21_A40E57-BioImp,SEAI_ELECTRICITY,2035,1.028271263876182
Mitigation_CAP21_A40E57-BioImp,SEAI_ELECTRICITY,2036,1.6059570343619272
Mitigation_CAP21_A40E57-BioImp,SEAI_ELECTRICITY,2037,2.5150143624910672
Mitigation_CAP21_A40E57-BioImp,SEAI_ELECTRICITY,2038,3.9925919914823487
Mitigation_CAP21_A40E57-BioImp,SEAI_ELECTRICITY,2039,5.381823524218909
Mitigation_CAP21_A40E57-BioImp,SEAI_ELECTRICITY,2040,6.422370266600637
Mitigation_CAP21_A40E57-BioImp,SEAI_ELECTRICITY,2041,6.422370266600639
Mitigation_CAP21_A40E57-BioImp,SEAI_ELECTRICITY,2042,6.422370266600641
Mitigation_CAP21_A40E57-BioImp,SEAI_ELECTRICITY,2043,6.4223702666006375
Mitigation_CAP21_A40E57-BioImp,SEAI_ELECTRICITY,2044,6.422370266600643
Mitigation_CAP21_A40E57-BioImp,SEAI_ELECTRICITY,2045,6.4223702666006375
Mitigation_CAP21_A40E57-BioImp,SEAI_ELECTRICITY,2046,6.4223702666006375
Mitigation_CAP21_A40E57-BioImp,SEAI_ELECTRICITY,2047,6.422370266600643
Mitigation_CAP21_A40E57-BioImp,SEAI_ELECTRICITY,2048,6.42237026660064
Mitigation_CAP21_A40E57-BioImp,SEAI_ELECTRICITY,2049,6.4223702666006375
Mitigation_CAP21_A40E57-BioImp,SEAI_ELECTRICITY,2050,6.422370266600649
Mitigation_CAP21_A40E57-EA,SEAI_ELECTRICITY,2018,5.938364141177036
Mitigation_CAP21_A40E57-EA,SEAI_ELECTRICITY,2034,0.586118872480888
Mitigation_CAP21_A40E57-EA,SEAI_ELECTRICITY,2035,1.3073803760870182
Mitigation_CAP21_A40E57-EA,SEAI_ELECTRICITY,2036,1.961196983319091
Mitigation_CAP21_A40E57-EA,SEAI_ELECTRICITY,2037,2.9766820915634993
Mitigation_CAP21_A40E57-EA,SEAI_ELECTRICITY,2038,4.454303417657878
Mitigation_CAP21_A40E57-EA,SEAI_ELECTRICITY,2039,5.735899501480228
Mitigation_CAP21_A40E57-EA,SEAI_ELECTRICITY,2040,6.402521814224124
Mitigation_CAP21_A40E57-EA,SEAI_ELECTRICITY,2041,6.422370266600646
Mitigation_CAP21_A40E57-EA,SEAI_ELECTRICITY,2042,6.422370266600638
Mitigation_CAP21_A40E57-EA,SEAI_ELECTRICITY,2043,6.422370266600637
Mitigation_CAP21_A40E57-EA,SEAI_ELECTRICITY,2044,6.422370266600634
Mitigation_CAP21_A40E57-EA,SEAI_ELECTRICITY,2045,6.4223702666006375
Mitigation_CAP21_A40E57-EA,SEAI_ELECTRICITY,2046,6.422370266600641
Mitigation_CAP21_A40E57-EA,SEAI_ELECTRICITY,2047,6.422370266600641
Mitigation_CAP21_A40E57-EA,SEAI_ELECTRICITY,2048,6.422370266600636
Mitigation_CAP21_A40E57-EA,SEAI_ELECTRICITY,2049,6.422370266600639
Mitigation_CAP21_A40E57-EA,SEAI_ELECTRICITY,2050,6.422370266600638
Mitigation_CAP21_A40E57-H2Imp,SEAI_ELECTRICITY,2018,5.938364141177036
Mitigation_CAP21_A40E57-H2Imp,SEAI_ELECTRICITY,2034,0.4784066361668905
Mitigation_CAP21_A40E57-H2Imp,SEAI_ELECTRICITY,2035,1.3656875918342681
Mitigation_CAP21_A40E57-H2Imp,SEAI_ELECTRICITY,2036,2.147280400438036
Mitigation_CAP21_A40E57-H2Imp,SEAI_ELECTRICITY,2037,2.691505511179035
Mitigation_CAP21_A40E57-H2Imp,SEAI_ELECTRICITY,2038,2.9208417437764016
Mitigation_CAP21_A40E57-H2Imp,SEAI_ELECTRICITY,2039,2.6785494075564342
Mitigation_CAP21_A40E57-H2Imp,SEAI_ELECTRICITY,2040,2.4974315081919807
Mitigation_CAP21_A40E57-H2Imp,SEAI_ELECTRICITY,2041,2.706354321405333
Mitigation_CAP21_A40E57-H2Imp,SEAI_ELECTRICITY,2042,2.3586952678818847
Mitigation_CAP21_A40E57-H2Imp,SEAI_ELECTRICITY,2043,1.7612915839232242
Mitigation_CAP21_A40E57-H2Imp,SEAI_ELECTRICITY,2044,1.866893083113075
Mitigation_CAP21_A40E57-H2Imp,SEAI_ELECTRICITY,2045,1.183374153448013
Mitigation_CAP21_A40E57-H2Imp,SEAI_ELECTRICITY,2046,1.463796836071773
Mitigation_CAP21_A40E57-H2Imp,SEAI_ELECTRICITY,2047,1.288967643878594
Mitigation_CAP21_A40E57-H2Imp,SEAI_ELECTRICITY,2048,0.581025701897582
Mitigation_CAP21_A40E57-H2Imp,SEAI_ELECTRICITY,2050,6.422370266600632
Mitigation_CAP21_A40E57-LA,SEAI_ELECTRICITY,2018,5.938364141177036
Mitigation_CAP21_A40E57-LA,SEAI_ELECTRICITY,2034,0.361351351286947
Mitigation_CAP21_A40E57-LA,SEAI_ELECTRICITY,2035,1.241447495774088
Mitigation_CAP21_A40E57-LA,SEAI_ELECTRICITY,2036,1.8739399451200063
Mitigation_CAP21_A40E57-LA,SEAI_ELECTRICITY,2037,2.9776598477500813
Mitigation_CAP21_A40E57-LA,SEAI_ELECTRICITY,2038,4.5445183926981345
Mitigation_CAP21_A40E57-LA,SEAI_ELECTRICITY,2039,5.921100802833119
Mitigation_CAP21_A40E57-LA,SEAI_ELECTRICITY,2040,6.422370266600639
Mitigation_CAP21_A40E57-LA,SEAI_ELECTRICITY,2041,6.422370266600636
Mitigation_CAP21_A40E57-LA,SEAI_ELECTRICITY,2042,6.422370266600639
Mitigation_CAP21_A40E57-LA,SEAI_ELECTRICITY,2043,6.422370266600645
Mitigation_CAP21_A40E57-LA,SEAI_ELECTRICITY,2044,6.422370266600648
Mitigation_CAP21_A40E57-LA,SEAI_ELECTRICITY,2045,6.42237026660064
Mitigation_CAP21_A40E57-LA,SEAI_ELECTRICITY,2046,6.422370266600641
Mitigation_CAP21_A40E57-LA,SEAI_ELECTRICITY,2047,6.422370266600643
Mitigation_CAP21_A40E57-LA,SEAI_ELECTRICITY,2048,6.422370266600635
Mitigation_CAP21_A40E57-LA,SEAI_ELECTRICITY,2049,6.422370266600636
Mitigation_CAP21_A40E57-LA,SEAI_ELECTRICITY,2050,6.4223702666006375
Mitigation_CAP21_A40E57-LED,SEAI_ELECTRICITY,2018,5.938364141177036
Mitigation_CAP21_A40E57-LED,SEAI_ELECTRICITY,2036,0.0310417294655849
Mitigation_CAP21_A40E57-LED,SEAI_ELECTRICITY,2037,0.537275522076482
Mitigation_CAP21_A40E57-LED,SEAI_ELECTRICITY,2038,1.2927643361553256
Mitigation_CAP21_A40E57-LED,SEAI_ELECTRICITY,2039,1.9088129263074518
Mitigation_CAP21_A40E57-LED,SEAI_ELECTRICITY,2040,2.678918102659189
Mitigation_CAP21_A40E57-LED,SEAI_ELECTRICITY,2041,4.003998246716348
Mitigation_CAP21_A40E57-LED,SEAI_ELECTRICITY,2042,5.566587784754436
Mitigation_CAP21_A40E57-LED,SEAI_ELECTRICITY,2043,6.422370266600644
Mitigation_CAP21_A40E57-LED,SEAI_ELECTRICITY,2044,6.422370266600639
Mitigation_CAP21_A40E57-LED,SEAI_ELECTRICITY,2045,6.4223702666006375
Mitigation_CAP21_A40E57-LED,SEAI_ELECTRICITY,2046,6.422370266600639
Mitigation_CAP21_A40E57-LED,SEAI_ELECTRICITY,2047,6.422370266600641
Mitigation_CAP21_A40E57-LED,SEAI_ELECTRICITY,2048,6.42237026660064
Mitigation_CAP21_A40E57-LED,SEAI_ELECTRICITY,2049,6.4223702666006375
Mitigation_CAP21_A40E57-LED,SEAI_ELECTRICITY,2050,6.422370266600647
Mitigation_CAP21_A40E57-LED-techOptimism,SEAI_ELECTRICITY,2018,5.938364141177036
Mitigation_CAP21_A40E57-LED-techOptimism,SEAI_ELECTRICITY,2032,0.8110795257030499
Mitigation_CAP21_A40E57-LED-techOptimism,SEAI_ELECTRICITY,2033,1.0495343579467709
Mitigation_CAP21_A40E57-LED-techOptimism,SEAI_ELECTRICITY,2034,0.0433033080399428
Mitigation_CAP21_A40E57-LED-techOptimism,SEAI_ELECTRICITY,2035,0.3114637870057653
Mitigation_CAP21_A40E57-LED-techOptimism,SEAI_ELECTRICITY,2036,0.37710844457592546
Mitigation_CAP21_A40E57-LED-techOptimism,SEAI_ELECTRICITY,2037,0.3859667838620986
Mitigation_CAP21_A40E57-LED-techOptimism,SEAI_ELECTRICITY,2038,0.4781179922868664
Mitigation_CAP21_A40E57-LED-techOptimism,SEAI_ELECTRICITY,2039,0.6089757058881626
Mitigation_CAP21_A40E57-LED-techOptimism,SEAI_ELECTRICITY,2040,0.7541081323131508
Mitigation_CAP21_A40E57-LED-techOptimism,SEAI_ELECTRICITY,2041,0.9178297594587486
Mitigation_CAP21_A40E57-LED-techOptimism,SEAI_ELECTRICITY,2042,1.06640638536558
Mitigation_CAP21_A40E57-LED-techOptimism,SEAI_ELECTRICITY,2043,0.7148158299607428
Mitigation_CAP21_A40E57-LED-techOptimism,SEAI_ELECTRICITY,2044,0.422165146217704
Mitigation_CAP21_A40E57-LED-techOptimism,SEAI_ELECTRICITY,2045,0.7229971674350307
Mitigation_CAP21_A40E57-LED-techOptimism,SEAI_ELECTRICITY,2046,1.2395853191708555
Mitigation_CAP21_A40E57-LED-techOptimism,SEAI_ELECTRICITY,2047,1.627004551261387
Mitigation_CAP21_A40E57-LED-techOptimism,SEAI_ELECTRICITY,2048,2.035572857177241
Mitigation_CAP21_A40E57-LED-techOptimism,SEAI_ELECTRICITY,2049,2.7140599157085297
Mitigation_CAP21_A40E57-LED-techOptimism,SEAI_ELECTRICITY,2050,6.422370266600628
Mitigation_CAP21_A40E57-earlyCCS,SEAI_ELECTRICITY,2018,5.938364141177036
Mitigation_CAP21_A40E57-earlyCCS,SEAI_ELECTRICITY,2036,0.637862301533384
Mitigation_CAP21_A40E57-earlyCCS,SEAI_ELECTRICITY,2037,1.5262036085185549
Mitigation_CAP21_A40E57-earlyCCS,SEAI_ELECTRICITY,2038,2.3930662019630393
Mitigation_CAP21_A40E57-earlyCCS,SEAI_ELECTRICITY,2039,3.3549807354848715
Mitigation_CAP21_A40E57-earlyCCS,SEAI_ELECTRICITY,2040,4.410539246091434
Mitigation_CAP21_A40E57-earlyCCS,SEAI_ELECTRICITY,2041,5.888587676906425
Mitigation_CAP21_A40E57-earlyCCS,SEAI_ELECTRICITY,2042,6.422370266600643
Mitigation_CAP21_A40E57-earlyCCS,SEAI_ELECTRICITY,2043,6.4223702666006455
Mitigation_CAP21_A40E57-earlyCCS,SEAI_ELECTRICITY,2044,6.4223702666006375
Mitigation_CAP21_A40E57-earlyCCS,SEAI_ELECTRICITY,2045,6.422370266600645
Mitigation_CAP21_A40E57-earlyCCS,SEAI_ELECTRICITY,2046,6.422370266600637
Mitigation_CAP21_A40E57-earlyCCS,SEAI_ELECTRICITY,2047,6.422370266600641
Mitigation_CAP21_A40E57-earlyCCS,SEAI_ELECTRICITY,2048,6.4223702666006375
Mitigation_CAP21_A40E57-earlyCCS,SEAI_ELECTRICITY,2049,6.422370266600636
Mitigation_CAP21_A40E57-earlyCCS,SEAI_ELECTRICITY,2050,6.422370266600633
Mitigation_CAP21_A40E57-highREN,SEAI_ELECTRICITY,2018,5.938364141177036
Mitigation_CAP21_A40E57-highREN,SEAI_ELECTRICITY,2035,0.692452759124453
Mitigation_CAP21_A40E57-highREN,SEAI_ELECTRICITY,2036,0.9754866378243919
Mitigation_CAP21_A40E57-highREN,SEAI_ELECTRICITY,2037,1.6372680394554195
Mitigation_CAP21_A40E57-highREN,SEAI_ELECTRICITY,2038,2.947558434325987
Mitigation_CAP21_A40E57-highREN,SEAI_ELECTRICITY,2039,4.51159351539082
Mitigation_CAP21_A40E57-highREN,SEAI_ELECTRICITY,2040,6.325825335857526
Mitigation_CAP21_A40E57-highREN,SEAI_ELECTRICITY,2041,6.422370266600635
Mitigation_CAP21_A40E57-highREN,SEAI_ELECTRICITY,2042,6.42237026660064
Mitigation_CAP21_A40E57-highREN,SEAI_ELECTRICITY,2043,6.422370266600646
Mitigation_CAP21_A40E57-highREN,SEAI_ELECTRICITY,2044,6.422370266600637
Mitigation_CAP21_A40E57-highREN,SEAI_ELECTRICITY,2045,6.422370266600645
Mitigation_CAP21_A40E57-highREN,SEAI_ELECTRICITY,2046,6.422370266600645
Mitigation_CAP21_A40E57-highREN,SEAI_ELECTRICITY,2047,6.422370266600635
Mitigation_CAP21_A40E57-highREN,SEAI_ELECTRICITY,2048,6.422370266600646
Mitigation_CAP21_A40E57-highREN,SEAI_ELECTRICITY,2049,6.422370266600644
Mitigation_CAP21_A40E57-highREN,SEAI_ELECTRICITY,2050,6.422370266600641
Mitigation_CAP21_A40E57-lowBio,SEAI_ELECTRICITY,2018,5.938364141177036
Mitigation_CAP21_A40E57-lowBio,SEAI_ELECTRICITY,2034,1.12163537427896
Mitigation_CAP21_A40E57-lowBio,SEAI_ELECTRICITY,2035,2.253295183460586
Mitigation_CAP21_A40E57-lowBio,SEAI_ELECTRICITY,2036,5.96525054939119
Mitigation_CAP21_A40E57-lowBio,SEAI_ELECTRICITY,2037,5.1136405420112405
Mitigation_CAP21_A40E57-lowBio,SEAI_ELECTRICITY,2038,5.757898082005591
Mitigation_CAP21_A40E57-lowBio,SEAI_ELECTRICITY,2039,5.49602135314923
Mitigation_CAP21_A40E57-lowBio,SEAI_ELECTRICITY,2040,5.223026396391126
Mitigation_CAP21_A40E57-lowBio,SEAI_ELECTRICITY,2041,5.277868898055454
Mitigation_CAP21_A40E57-lowBio,SEAI_ELECTRICITY,2042,5.5224192718578795
Mitigation_CAP21_A40E57-lowBio,SEAI_ELECTRICITY,2043,4.903711538964309
Mitigation_CAP21_A40E57-lowBio,SEAI_ELECTRICITY,2044,6.422370266600648
Mitigation_CAP21_A40E57-lowBio,SEAI_ELECTRICITY,2045,6.42237026660063
Mitigation_CAP21_A40E57-lowBio,SEAI_ELECTRICITY,2046,6.422370266600639
Mitigation_CAP21_A40E57-lowBio,SEAI_ELECTRICITY,2047,6.422370266600648
Mitigation_CAP21_A40E57-lowBio,SEAI_ELECTRICITY,2048,6.422370266600645
Mitigation_CAP21_A40E57-lowBio,SEAI_ELECTRICITY,2049,6.4223702666006375
Mitigation_CAP21_A40E57-lowBio,SEAI_ELECTRICITY,2050,6.422370266600638
Mitigation_CAP21_A40E57-techOptimism,SEAI_ELECTRICITY,2018,5.938364141177036
Mitigation_CAP21_A40E57-techOptimism,SEAI_ELECTRICITY,2036,0.0543724068877349
Mitigation_CAP21_A40E57-techOptimism,SEAI_ELECTRICITY,2037,0.309065602929932
Mitigation_CAP21_A40E57-techOptimism,SEAI_ELECTRICITY,2038,0.3371024445931
Mitigation_CAP21_A40E57-techOptimism,SEAI_ELECTRICITY,2039,0.18539700933683
Mitigation_CAP21_A40E57-techOptimism,SEAI_ELECTRICITY,2040,0.167870009939579
Mitigation_CAP21_A40E57-techOptimism,SEAI_ELECTRICITY,2041,0.342186973802317
Mitigation_CAP21_A40E57-techOptimism,SEAI_ELECTRICITY,2042,0.39893164684838645
Mitigation_CAP21_A40E57-techOptimism,SEAI_ELECTRICITY,2050,6.422370266600643
Mitigation_CAP21_A51E51,SEAI_ELECTRICITY,2018,5.938364141177036
Mitigation_CAP21_A51E51,SEAI_ELECTRICITY,2034,0.157348660007258
Mitigation_CAP21_A51E51,SEAI_ELECTRICITY,2035,0.877174463721501
Mitigation_CAP21_A51E51,SEAI_ELECTRICITY,2036,1.3279494271711358
Mitigation_CAP21_A51E51,SEAI_ELECTRICITY,2037,2.0572084978675917
Mitigation_CAP21_A51E51,SEAI_ELECTRICITY,2038,3.6273696821812704
Mitigation_CAP21_A51E51,SEAI_ELECTRICITY,2039,4.942248915091156
Mitigation_CAP21_A51E51,SEAI_ELECTRICITY,2040,6.4223702666006455
Mitigation_CAP21_A51E51,SEAI_ELECTRICITY,2041,6.422370266600648
Mitigation_CAP21_A51E51,SEAI_ELECTRICITY,2042,6.422370266600641
Mitigation_CAP21_A51E51,SEAI_ELECTRICITY,2043,6.422370266600643
Mitigation_CAP21_A51E51,SEAI_ELECTRICITY,2044,6.422370266600647
Mitigation_CAP21_A51E51,SEAI_ELECTRICITY,2045,6.4223702666006375
Mitigation_CAP21_A51E51,SEAI_ELECTRICITY,2046,6.422370266600638
Mitigation_CAP21_A51E51,SEAI_ELECTRICITY,2047,6.422370266600645
Mitigation_CAP21_A51E51,SEAI_ELECTRICITY,2048,6.42237026660064
Mitigation_CAP21_A51E51,SEAI_ELECTRICITY,2049,6.422370266600636
Mitigation_CAP21_A51E51,SEAI_ELECTRICITY,2050,6.422370266600639
Mitigation_CAP21_A51E51-BioImp,SEAI_ELECTRICITY,2018,5.938364141177036
Mitigation_CAP21_A51E51-BioImp,SEAI_ELECTRICITY,2035,0.637084589652256
Mitigation_CAP21_A51E51-BioImp,SEAI_ELECTRICITY,2036,1.079401661588596
Mitigation_CAP21_A51E51-BioImp,SEAI_ELECTRICITY,2037,1.8161806637892626
Mitigation_CAP21_A51E51-BioImp,SEAI_ELECTRICITY,2038,3.351806149952983
Mitigation_CAP21_A51E51-BioImp,SEAI_ELECTRICITY,2039,4.656610452215274
Mitigation_CAP21_A51E51-BioImp,SEAI_ELECTRICITY,2040,6.422370266600642
Mitigation_CAP21_A51E51-BioImp,SEAI_ELECTRICITY,2041,6.422370266600636
Mitigation_CAP21_A51E51-BioImp,SEAI_ELECTRICITY,2042,6.422370266600637
Mitigation_CAP21_A51E51-BioImp,SEAI_ELECTRICITY,2043,6.422370266600644
Mitigation_CAP21_A51E51-BioImp,SEAI_ELECTRICITY,2044,6.422370266600642
Mitigation_CAP21_A51E51-BioImp,SEAI_ELECTRICITY,2045,6.422370266600636
Mitigation_CAP21_A51E51-BioImp,SEAI_ELECTRICITY,2046,6.422370266600642
Mitigation_CAP21_A51E51-BioImp,SEAI_ELECTRICITY,2047,6.422370266600631
Mitigation_CAP21_A51E51-BioImp,SEAI_ELECTRICITY,2048,6.422370266600634
Mitigation_CAP21_A51E51-BioImp,SEAI_ELECTRICITY,2049,6.42237026660064
Mitigation_CAP21_A51E51-BioImp,SEAI_ELECTRICITY,2050,6.422370266600643
Mitigation_CAP21_A51E51-EA,SEAI_ELECTRICITY,2018,5.938364141177036
Mitigation_CAP21_A51E51-EA,SEAI_ELECTRICITY,2034,0.3370220481892296
Mitigation_CAP21_A51E51-EA,SEAI_ELECTRICITY,2035,0.9490773902928431
Mitigation_CAP21_A51E51-EA,SEAI_ELECTRICITY,2036,1.557850287570113
Mitigation_CAP21_A51E51-EA,SEAI_ELECTRICITY,2037,2.076582355806229
Mitigation_CAP21_A51E51-EA,SEAI_ELECTRICITY,2038,3.585798855488878
Mitigation_CAP21_A51E51-EA,SEAI_ELECTRICITY,2039,4.802067861069065
Mitigation_CAP21_A51E51-EA,SEAI_ELECTRICITY,2040,6.089824750088037
Mitigation_CAP21_A51E51-EA,SEAI_ELECTRICITY,2041,6.422370266600647
Mitigation_CAP21_A51E51-EA,SEAI_ELECTRICITY,2042,6.4223702666006455
Mitigation_CAP21_A51E51-EA,SEAI_ELECTRICITY,2043,6.422370266600632
Mitigation_CAP21_A51E51-EA,SEAI_ELECTRICITY,2044,6.4223702666006455
Mitigation_CAP21_A51E51-EA,SEAI_ELECTRICITY,2045,6.422370266600645
Mitigation_CAP21_A51E51-EA,SEAI_ELECTRICITY,2046,6.422370266600643
Mitigation_CAP21_A51E51-EA,SEAI_ELECTRICITY,2047,6.422370266600646
Mitigation_CAP21_A51E51-EA,SEAI_ELECTRICITY,2048,6.422370266600637
Mitigation_CAP21_A51E51-EA,SEAI_ELECTRICITY,2049,6.422370266600642
Mitigation_CAP21_A51E51-EA,SEAI_ELECTRICITY,2050,6.422370266600645
Mitigation_CAP21_A51E51-H2Imp,SEAI_ELECTRICITY,2018,5.938364141177036
Mitigation_CAP21_A51E51-H2Imp,SEAI_ELECTRICITY,2034,0.396229502144972
Mitigation_CAP21_A51E51-H2Imp,SEAI_ELECTRICITY,2035,1.21528514850782
Mitigation_CAP21_A51E51-H2Imp,SEAI_ELECTRICITY,2036,1.9276802556610981
Mitigation_CAP21_A51E51-H2Imp,SEAI_ELECTRICITY,2037,2.4392804832841044
Mitigation_CAP21_A51E51-H2Imp,SEAI_ELECTRICITY,2038,3.1036806311635243
Mitigation_CAP21_A51E51-H2Imp,SEAI_ELECTRICITY,2039,2.6191321474064777
Mitigation_CAP21_A51E51-H2Imp,SEAI_ELECTRICITY,2040,2.399952825351224
Mitigation_CAP21_A51E51-H2Imp,SEAI_ELECTRICITY,2041,2.314761476388904
Mitigation_CAP21_A51E51-H2Imp,SEAI_ELECTRICITY,2042,1.910502048309453
Mitigation_CAP21_A51E51-H2Imp,SEAI_ELECTRICITY,2043,1.040407349192056
Mitigation_CAP21_A51E51-H2Imp,SEAI_ELECTRICITY,2044,1.086107185284689
Mitigation_CAP21_A51E51-H2Imp,SEAI_ELECTRICITY,2045,0.424632831720075
Mitigation_CAP21_A51E51-H2Imp,SEAI_ELECTRICITY,2046,0.8037231866457841
Mitigation_CAP21_A51E51-H2Imp,SEAI_ELECTRICITY,2047,0.621262739828266
Mitigation_CAP21_A51E51-H2Imp,SEAI_ELECTRICITY,2048,0.501647287200857
Mitigation_CAP21_A51E51-H2Imp,SEAI_ELECTRICITY,2050,6.42237026660064
Mitigation_CAP21_A51E51-LA,SEAI_ELECTRICITY,2018,5.938364141177036
Mitigation_CAP21_A51E51-LA,SEAI_ELECTRICITY,2034,0.0768309040641206
Mitigation_CAP21_A51E51-LA,SEAI_ELECTRICITY,2035,0.8821451699486609
Mitigation_CAP21_A51E51-LA,SEAI_ELECTRICITY,2036,1.414841247436621
Mitigation_CAP21_A51E51-LA,SEAI_ELECTRICITY,2037,2.1425754035914926
Mitigation_CAP21_A51E51-LA,SEAI_ELECTRICITY,2038,3.60982432931658
Mitigation_CAP21_A51E51-LA,SEAI_ELECTRICITY,2039,4.9891097542242395
Mitigation_CAP21_A51E51-LA,SEAI_ELECTRICITY,2040,6.147240477024775
Mitigation_CAP21_A51E51-LA,SEAI_ELECTRICITY,2041,6.4223702666006375
Mitigation_CAP21_A51E51-LA,SEAI_ELECTRICITY,2042,6.4223702666006455
Mitigation_CAP21_A51E51-LA,SEAI_ELECTRICITY,2043,6.422370266600638
Mitigation_CAP21_A51E51-LA,SEAI_ELECTRICITY,2044,6.4223702666006375
Mitigation_CAP21_A51E51-LA,SEAI_ELECTRICITY,2045,6.422370266600641
Mitigation_CAP21_A51E51-LA,SEAI_ELECTRICITY,2046,6.422370266600649
Mitigation_CAP21_A51E51-LA,SEAI_ELECTRICITY,2047,6.422370266600634
Mitigation_CAP21_A51E51-LA,SEAI_ELECTRICITY,2048,6.422370266600643
Mitigation_CAP21_A51E51-LA,SEAI_ELECTRICITY,2049,6.422370266600646
Mitigation_CAP21_A51E51-LA,SEAI_ELECTRICITY,2050,6.422370266600641
Mitigation_CAP21_A51E51-LED,SEAI_ELECTRICITY,2018,5.938364141177036
Mitigation_CAP21_A51E51-LED,SEAI_ELECTRICITY,2037,0.40236405437371797
Mitigation_CAP21_A51E51-LED,SEAI_ELECTRICITY,2038,1.1156302915512701
Mitigation_CAP21_A51E51-LED,SEAI_ELECTRICITY,2039,1.4543193961397995
Mitigation_CAP21_A51E51-LED,SEAI_ELECTRICITY,2040,2.4871220154115212
Mitigation_CAP21_A51E51-LED,SEAI_ELECTRICITY,2041,3.7905527012897817
Mitigation_CAP21_A51E51-LED,SEAI_ELECTRICITY,2042,5.283908866804837
Mitigation_CAP21_A51E51-LED,SEAI_ELECTRICITY,2043,6.4223702666006455
Mitigation_CAP21_A51E51-LED,SEAI_ELECTRICITY,2044,6.422370266600643
Mitigation_CAP21_A51E51-LED,SEAI_ELECTRICITY,2045,6.422370266600636
Mitigation_CAP21_A51E51-LED,SEAI_ELECTRICITY,2046,6.422370266600642
Mitigation_CAP21_A51E51-LED,SEAI_ELECTRICITY,2047,6.422370266600639
Mitigation_CAP21_A51E51-LED,SEAI_ELECTRICITY,2048,6.422370266600641
Mitigation_CAP21_A51E51-LED,SEAI_ELECTRICITY,2049,6.422370266600634
Mitigation_CAP21_A51E51-LED,SEAI_ELECTRICITY,2050,6.4223702666006375
Mitigation_CAP21_A51E51-LED-techOptimism,SEAI_ELECTRICITY,2018,5.938364141177036
Mitigation_CAP21_A51E51-LED-techOptimism,SEAI_ELECTRICITY,2032,0.0147288253639397
Mitigation_CAP21_A51E51-LED-techOptimism,SEAI_ELECTRICITY,2034,0.278268092036844
Mitigation_CAP21_A51E51-LED-techOptimism,SEAI_ELECTRICITY,2035,0.4601384737873439
Mitigation_CAP21_A51E51-LED-techOptimism,SEAI_ELECTRICITY,2036,0.5107527439081849
Mitigation_CAP21_A51E51-LED-techOptimism,SEAI_ELECTRICITY,2037,0.5525367116740495
Mitigation_CAP21_A51E51-LED-techOptimism,SEAI_ELECTRICITY,2038,0.6788215669309157
Mitigation_CAP21_A51E51-LED-techOptimism,SEAI_ELECTRICITY,2039,0.759762201097409
Mitigation_CAP21_A51E51-LED-techOptimism,SEAI_ELECTRICITY,2040,0.8139739028736709
Mitigation_CAP21_A51E51-LED-techOptimism,SEAI_ELECTRICITY,2041,0.973177477121068
Mitigation_CAP21_A51E51-LED-techOptimism,SEAI_ELECTRICITY,2042,1.186351925821373
Mitigation_CAP21_A51E51-LED-techOptimism,SEAI_ELECTRICITY,2043,1.2881022946251477
Mitigation_CAP21_A51E51-LED-techOptimism,SEAI_ELECTRICITY,2044,1.0908177022949148
Mitigation_CAP21_A51E51-LED-techOptimism,SEAI_ELECTRICITY,2045,0.7515570572689538
Mitigation_CAP21_A51E51-LED-techOptimism,SEAI_ELECTRICITY,2046,1.2692761738397442
Mitigation_CAP21_A51E51-LED-techOptimism,SEAI_ELECTRICITY,2047,1.5099770838039182
Mitigation_CAP21_A51E51-LED-techOptimism,SEAI_ELECTRICITY,2048,1.9759660614515862
Mitigation_CAP21_A51E51-LED-techOptimism,SEAI_ELECTRICITY,2049,2.560912831569185
Mitigation_CAP21_A51E51-LED-techOptimism,SEAI_ELECTRICITY,2050,6.422370266600637
Mitigation_CAP21_A51E51-earlyCCS,SEAI_ELECTRICITY,2018,5.938364141177036
Mitigation_CAP21_A51E51-earlyCCS,SEAI_ELECTRICITY,2035,0.1667145024920731
Mitigation_CAP21_A51E51-earlyCCS,SEAI_ELECTRICITY,2036,0.662132137245402
Mitigation_CAP21_A51E51-earlyCCS,SEAI_ELECTRICITY,2037,1.44088494084778
Mitigation_CAP21_A51E51-earlyCCS,SEAI_ELECTRICITY,2038,2.342288741346837
Mitigation_CAP21_A51E51-earlyCCS,SEAI_ELECTRICITY,2039,3.0321168408755645
Mitigation_CAP21_A51E51-earlyCCS,SEAI_ELECTRICITY,2040,3.8841486776265643
Mitigation_CAP21_A51E51-earlyCCS,SEAI_ELECTRICITY,2041,5.128163700043893
Mitigation_CAP21_A51E51-earlyCCS,SEAI_ELECTRICITY,2042,6.422370266600643
Mitigation_CAP21_A51E51-earlyCCS,SEAI_ELECTRICITY,2043,6.42237026660064
Mitigation_CAP21_A51E51-earlyCCS,SEAI_ELECTRICITY,2044,6.422370266600635
Mitigation_CAP21_A51E51-earlyCCS,SEAI_ELECTRICITY,2045,6.422370266600639
Mitigation_CAP21_A51E51-earlyCCS,SEAI_ELECTRICITY,2046,6.422370266600643
Mitigation_CAP21_A51E51-earlyCCS,SEAI_ELECTRICITY,2047,6.422370266600634
Mitigation_CAP21_A51E51-earlyCCS,SEAI_ELECTRICITY,2048,6.422370266600639
Mitigation_CAP21_A51E51-earlyCCS,SEAI_ELECTRICITY,2049,6.422370266600644
Mitigation_CAP21_A51E51-earlyCCS,SEAI_ELECTRICITY,2050,6.422370266600635
Mitigation_CAP21_A51E51-highREN,SEAI_ELECTRICITY,2018,5.938364141177036
Mitigation_CAP21_A51E51-highREN,SEAI_ELECTRICITY,2035,0.0908445571691061
Mitigation_CAP21_A51E51-highREN,SEAI_ELECTRICITY,2036,0.422598810856522
Mitigation_CAP21_A51E51-highREN,SEAI_ELECTRICITY,2037,1.128872850673679
Mitigation_CAP21_A51E51-highREN,SEAI_ELECTRICITY,2038,2.4074254481465727
Mitigation_CAP21_A51E51-highREN,SEAI_ELECTRICITY,2039,3.8386510536569602
Mitigation_CAP21_A51E51-highREN,SEAI_ELECTRICITY,2040,5.878334809401375
Mitigation_CAP21_A51E51-highREN,SEAI_ELECTRICITY,2041,6.42237026660064
Mitigation_CAP21_A51E51-highREN,SEAI_ELECTRICITY,2042,6.422370266600643
Mitigation_CAP21_A51E51-highREN,SEAI_ELECTRICITY,2043,6.422370266600636
Mitigation_CAP21_A51E51-highREN,SEAI_ELECTRICITY,2044,6.422370266600636
Mitigation_CAP21_A51E51-highREN,SEAI_ELECTRICITY,2045,6.422370266600645
Mitigation_CAP21_A51E51-highREN,SEAI_ELECTRICITY,2046,6.422370266600646
Mitigation_CAP21_A51E51-highREN,SEAI_ELECTRICITY,2047,6.422370266600642
Mitigation_CAP21_A51E51-highREN,SEAI_ELECTRICITY,2048,6.422370266600634
Mitigation_CAP21_A51E51-highREN,SEAI_ELECTRICITY,2049,6.422370266600639
Mitigation_CAP21_A51E51-highREN,SEAI_ELECTRICITY,2050,6.422370266600633
Mitigation_CAP21_A51E51-lowBio,SEAI_ELECTRICITY,2018,5.938364141177036
Mitigation_CAP21_A51E51-lowBio,SEAI_ELECTRICITY,2033,0.0431226880946127
Mitigation_CAP21_A51E51-lowBio,SEAI_ELECTRICITY,2034,0.601576036516649
Mitigation_CAP21_A51E51-lowBio,SEAI_ELECTRICITY,2035,1.42824644602844
Mitigation_CAP21_A51E51-lowBio,SEAI_ELECTRICITY,2036,3.5872758103616613
Mitigation_CAP21_A51E51-lowBio,SEAI_ELECTRICITY,2037,4.020404140431869
Mitigation_CAP21_A51E51-lowBio,SEAI_ELECTRICITY,2038,4.9297682575369715
Mitigation_CAP21_A51E51-lowBio,SEAI_ELECTRICITY,2039,4.318817128276929
Mitigation_CAP21_A51E51-lowBio,SEAI_ELECTRICITY,2040,3.983275736112244
Mitigation_CAP21_A51E51-lowBio,SEAI_ELECTRICITY,2041,3.9790165275511966
Mitigation_CAP21_A51E51-lowBio,SEAI_ELECTRICITY,2042,4.46486802589176
Mitigation_CAP21_A51E51-lowBio,SEAI_ELECTRICITY,2043,4.022506150567788
Mitigation_CAP21_A51E51-lowBio,SEAI_ELECTRICITY,2044,6.42237026660064
Mitigation_CAP21_A51E51-lowBio,SEAI_ELECTRICITY,2045,6.422370266600641
Mitigation_CAP21_A51E51-lowBio,SEAI_ELECTRICITY,2046,6.422370266600645
Mitigation_CAP21_A51E51-lowBio,SEAI_ELECTRICITY,2047,6.422370266600639
Mitigation_CAP21_A51E51-lowBio,SEAI_ELECTRICITY,2048,6.422370266600638
Mitigation_CAP21_A51E51-lowBio,SEAI_ELECTRICITY,2049,6.422370266600633
Mitigation_CAP21_A51E51-lowBio,SEAI_ELECTRICITY,2050,6.422370266600642
Mitigation_CAP21_A51E51-techOptimism,SEAI_ELECTRICITY,2018,5.938364141177036
Mitigation_CAP21_A51E51-techOptimism,SEAI_ELECTRICITY,2030,0.1660781568163947
Mitigation_CAP21_A51E51-techOptimism,SEAI_ELECTRICITY,2035,0.0790204730921813
Mitigation_CAP21_A51E51-techOptimism,SEAI_ELECTRICITY,2036,0.563873477724472
Mitigation_CAP21_A51E51-techOptimism,SEAI_ELECTRICITY,2037,0.657979150838948
Mitigation_CAP21_A51E51-techOptimism,SEAI_ELECTRICITY,2038,0.8396097399791029
Mitigation_CAP21_A51E51-techOptimism,SEAI_ELECTRICITY,2039,0.325445818531891
Mitigation_CAP21_A51E51-techOptimism,SEAI_ELECTRICITY,2040,0.175889078289957
Mitigation_CAP21_A51E51-techOptimism,SEAI_ELECTRICITY,2041,0.148583426329507
Mitigation_CAP21_A51E51-techOptimism,SEAI_ELECTRICITY,2042,0.192352126726384
Mitigation_CAP21_A51E51-techOptimism,SEAI_ELECTRICITY,2050,6.42237026660064
Mitigation_CAP21_A55E49,SEAI_ELECTRICITY,2018,5.938364141177036
Mitigation_CAP21_A55E49,SEAI_ELECTRICITY,2034,0.254437424120882
Mitigation_CAP21_A55E49,SEAI_ELECTRICITY,2035,0.875402779385566
Mitigation_CAP21_A55E49,SEAI_ELECTRICITY,2036,1.517225923649892
Mitigation_CAP21_A55E49,SEAI_ELECTRICITY,2037,2.0304319635678154
Mitigation_CAP21_A55E49,SEAI_ELECTRICITY,2038,3.483710395170255
Mitigation_CAP21_A55E49,SEAI_ELECTRICITY,2039,4.816683854543001
Mitigation_CAP21_A55E49,SEAI_ELECTRICITY,2040,6.422370266600642
Mitigation_CAP21_A55E49,SEAI_ELECTRICITY,2041,6.422370266600646
Mitigation_CAP21_A55E49,SEAI_ELECTRICITY,2042,6.422370266600641
Mitigation_CAP21_A55E49,SEAI_ELECTRICITY,2043,6.422370266600645
Mitigation_CAP21_A55E49,SEAI_ELECTRICITY,2044,6.422370266600638
Mitigation_CAP21_A55E49,SEAI_ELECTRICITY,2045,6.422370266600645
Mitigation_CAP21_A55E49,SEAI_ELECTRICITY,2046,6.422370266600641
Mitigation_CAP21_A55E49,SEAI_ELECTRICITY,2047,6.422370266600643
Mitigation_CAP21_A55E49,SEAI_ELECTRICITY,2048,6.422370266600637
Mitigation_CAP21_A55E49,SEAI_ELECTRICITY,2049,6.4223702666006455
Mitigation_CAP21_A55E49,SEAI_ELECTRICITY,2050,6.422370266600637
Mitigation_CAP21_A55E49-BioImp,SEAI_ELECTRICITY,2018,5.938364141177036
Mitigation_CAP21_A55E49-BioImp,SEAI_ELECTRICITY,2035,0.6405872120459329
Mitigation_CAP21_A55E49-BioImp,SEAI_ELECTRICITY,2036,1.09798547891073
Mitigation_CAP21_A55E49-BioImp,SEAI_ELECTRICITY,2037,1.933707111273717
Mitigation_CAP21_A55E49-BioImp,SEAI_ELECTRICITY,2038,3.343156014325528
Mitigation_CAP21_A55E49-BioImp,SEAI_ELECTRICITY,2039,4.671068875287972
Mitigation_CAP21_A55E49-BioImp,SEAI_ELECTRICITY,2040,6.422370266600643
Mitigation_CAP21_A55E49-BioImp,SEAI_ELECTRICITY,2041,6.422370266600641
Mitigation_CAP21_A55E49-BioImp,SEAI_ELECTRICITY,2042,6.422370266600642
Mitigation_CAP21_A55E49-BioImp,SEAI_ELECTRICITY,2043,6.422370266600643
Mitigation_CAP21_A55E49-BioImp,SEAI_ELECTRICITY,2044,6.422370266600639
Mitigation_CAP21_A55E49-BioImp,SEAI_ELECTRICITY,2045,6.422370266600644
Mitigation_CAP21_A55E49-BioImp,SEAI_ELECTRICITY,2046,6.4223702666006375
Mitigation_CAP21_A55E49-BioImp,SEAI_ELECTRICITY,2047,6.4223702666006375
Mitigation_CAP21_A55E49-BioImp,SEAI_ELECTRICITY,2048,6.422370266600635
Mitigation_CAP21_A55E49-BioImp,SEAI_ELECTRICITY,2049,6.422370266600639
Mitigation_CAP21_A55E49-BioImp,SEAI_ELECTRICITY,2050,6.422370266600634
Mitigation_CAP21_A55E49-EA,SEAI_ELECTRICITY,2018,5.938364141177036
Mitigation_CAP21_A55E49-EA,SEAI_ELECTRICITY,2034,0.2210917602331759
Mitigation_CAP21_A55E49-EA,SEAI_ELECTRICITY,2035,0.8163557594351409
Mitigation_CAP21_A55E49-EA,SEAI_ELECTRICITY,2036,1.373573212791806
Mitigation_CAP21_A55E49-EA,SEAI_ELECTRICITY,2037,1.9075976397468506
Mitigation_CAP21_A55E49-EA,SEAI_ELECTRICITY,2038,3.327665567242024
Mitigation_CAP21_A55E49-EA,SEAI_ELECTRICITY,2039,4.645503250372199
Mitigation_CAP21_A55E49-EA,SEAI_ELECTRICITY,2040,6.011148639234365
Mitigation_CAP21_A55E49-EA,SEAI_ELECTRICITY,2041,6.422370266600641
Mitigation_CAP21_A55E49-EA,SEAI_ELECTRICITY,2042,6.422370266600641
Mitigation_CAP21_A55E49-EA,SEAI_ELECTRICITY,2043,6.422370266600643
Mitigation_CAP21_A55E49-EA,SEAI_ELECTRICITY,2044,6.422370266600643
Mitigation_CAP21_A55E49-EA,SEAI_ELECTRICITY,2045,6.4223702666006375
Mitigation_CAP21_A55E49-EA,SEAI_ELECTRICITY,2046,6.422370266600637
Mitigation_CAP21_A55E49-EA,SEAI_ELECTRICITY,2047,6.422370266600636
Mitigation_CAP21_A55E49-EA,SEAI_ELECTRICITY,2048,6.422370266600643
Mitigation_CAP21_A55E49-EA,SEAI_ELECTRICITY,2049,6.422370266600639
Mitigation_CAP21_A55E49-EA,SEAI_ELECTRICITY,2050,6.422370266600643
Mitigation_CAP21_A55E49-H2Imp,SEAI_ELECTRICITY,2018,5.938364141177036
Mitigation_CAP21_A55E49-H2Imp,SEAI_ELECTRICITY,2034,0.3906337130014387
Mitigation_CAP21_A55E49-H2Imp,SEAI_ELECTRICITY,2035,1.179041801526636
Mitigation_CAP21_A55E49-H2Imp,SEAI_ELECTRICITY,2036,1.8598428124086304
Mitigation_CAP21_A55E49-H2Imp,SEAI_ELECTRICITY,2037,2.405908936594817
Mitigation_CAP21_A55E49-H2Imp,SEAI_ELECTRICITY,2038,2.724419087772546
Mitigation_CAP21_A55E49-H2Imp,SEAI_ELECTRICITY,2039,2.287481319118851
Mitigation_CAP21_A55E49-H2Imp,SEAI_ELECTRICITY,2040,2.195918683331456
Mitigation_CAP21_A55E49-H2Imp,SEAI_ELECTRICITY,2041,2.144603775743598
Mitigation_CAP21_A55E49-H2Imp,SEAI_ELECTRICITY,2042,1.862655816622072
Mitigation_CAP21_A55E49-H2Imp,SEAI_ELECTRICITY,2043,1.038831961134694
Mitigation_CAP21_A55E49-H2Imp,SEAI_ELECTRICITY,2044,1.043589778032161
Mitigation_CAP21_A55E49-H2Imp,SEAI_ELECTRICITY,2045,0.058708626743325
Mitigation_CAP21_A55E49-H2Imp,SEAI_ELECTRICITY,2046,0.417772945799422
Mitigation_CAP21_A55E49-H2Imp,SEAI_ELECTRICITY,2047,0.379855845362854
Mitigation_CAP21_A55E49-H2Imp,SEAI_ELECTRICITY,2048,0.284463125198471
Mitigation_CAP21_A55E49-H2Imp,SEAI_ELECTRICITY,2050,6.422370266600636
Mitigation_CAP21_A55E49-LA,SEAI_ELECTRICITY,2018,5.938364141177036
Mitigation_CAP21_A55E49-LA,SEAI_ELECTRICITY,2035,0.740308890989708
Mitigation_CAP21_A55E49-LA,SEAI_ELECTRICITY,2036,1.301888411519084
Mitigation_CAP21_A55E49-LA,SEAI_ELECTRICITY,2037,2.041742901786799
Mitigation_CAP21_A55E49-LA,SEAI_ELECTRICITY,2038,3.570488508986909
Mitigation_CAP21_A55E49-LA,SEAI_ELECTRICITY,2039,4.796829438395999
Mitigation_CAP21_A55E49-LA,SEAI_ELECTRICITY,2040,6.046693705212014
Mitigation_CAP21_A55E49-LA,SEAI_ELECTRICITY,2041,6.422370266600646
Mitigation_CAP21_A55E49-LA,SEAI_ELECTRICITY,2042,6.422370266600647
Mitigation_CAP21_A55E49-LA,SEAI_ELECTRICITY,2043,6.422370266600636
Mitigation_CAP21_A55E49-LA,SEAI_ELECTRICITY,2044,6.422370266600643
Mitigation_CAP21_A55E49-LA,SEAI_ELECTRICITY,2045,6.422370266600644
Mitigation_CAP21_A55E49-LA,SEAI_ELECTRICITY,2046,6.422370266600645
Mitigation_CAP21_A55E49-LA,SEAI_ELECTRICITY,2047,6.422370266600643
Mitigation_CAP21_A55E49-LA,SEAI_ELECTRICITY,2048,6.422370266600642
Mitigation_CAP21_A55E49-LA,SEAI_ELECTRICITY,2049,6.422370266600639
Mitigation_CAP21_A55E49-LA,SEAI_ELECTRICITY,2050,6.422370266600636
Mitigation_CAP21_A55E49-LED,SEAI_ELECTRICITY,2018,5.938364141177036
Mitigation_CAP21_A55E49-LED,SEAI_ELECTRICITY,2036,0.0020896982744487
Mitigation_CAP21_A55E49-LED,SEAI_ELECTRICITY,2037,0.392059583689078
Mitigation_CAP21_A55E49-LED,SEAI_ELECTRICITY,2038,1.162015767865657
Mitigation_CAP21_A55E49-LED,SEAI_ELECTRICITY,2039,1.6037279910528182
Mitigation_CAP21_A55E49-LED,SEAI_ELECTRICITY,2040,2.855032193424072
Mitigation_CAP21_A55E49-LED,SEAI_ELECTRICITY,2041,3.875623646270969
Mitigation_CAP21_A55E49-LED,SEAI_ELECTRICITY,2042,5.242297424583452
Mitigation_CAP21_A55E49-LED,SEAI_ELECTRICITY,2043,6.222880069368794
Mitigation_CAP21_A55E49-LED,SEAI_ELECTRICITY,2044,6.422370266600639
Mitigation_CAP21_A55E49-LED,SEAI_ELECTRICITY,2045,6.42237026660064
Mitigation_CAP21_A55E49-LED,SEAI_ELECTRICITY,2046,6.422370266600636
Mitigation_CAP21_A55E49-LED,SEAI_ELECTRICITY,2047,6.422370266600639
Mitigation_CAP21_A55E49-LED,SEAI_ELECTRICITY,2048,6.422370266600646
Mitigation_CAP21_A55E49-LED,SEAI_ELECTRICITY,2049,6.42237026660064
Mitigation_CAP21_A55E49-LED,SEAI_ELECTRICITY,2050,6.422370266600646
Mitigation_CAP21_A55E49-LED-techOptimism,SEAI_ELECTRICITY,2018,5.938364141177036
Mitigation_CAP21_A55E49-LED-techOptimism,SEAI_ELECTRICITY,2032,0.0053914119053919
Mitigation_CAP21_A55E49-LED-techOptimism,SEAI_ELECTRICITY,2034,0.560929875225981
Mitigation_CAP21_A55E49-LED-techOptimism,SEAI_ELECTRICITY,2035,0.4755220794340925
Mitigation_CAP21_A55E49-LED-techOptimism,SEAI_ELECTRICITY,2036,0.5267895445919012
Mitigation_CAP21_A55E49-LED-techOptimism,SEAI_ELECTRICITY,2037,0.5679671856457523
Mitigation_CAP21_A55E49-LED-techOptimism,SEAI_ELECTRICITY,2038,0.7024984997525658
Mitigation_CAP21_A55E49-LED-techOptimism,SEAI_ELECTRICITY,2039,0.7595918367955556
Mitigation_CAP21_A55E49-LED-techOptimism,SEAI_ELECTRICITY,2040,0.8138290497688822
Mitigation_CAP21_A55E49-LED-techOptimism,SEAI_ELECTRICITY,2041,0.9718733276550948
Mitigation_CAP21_A55E49-LED-techOptimism,SEAI_ELECTRICITY,2042,1.1295625498447677
Mitigation_CAP21_A55E49-LED-techOptimism,SEAI_ELECTRICITY,2043,1.2316952223412632
Mitigation_CAP21_A55E49-LED-techOptimism,SEAI_ELECTRICITY,2044,1.4849151431189338
Mitigation_CAP21_A55E49-LED-techOptimism,SEAI_ELECTRICITY,2045,1.0252320775314705
Mitigation_CAP21_A55E49-LED-techOptimism,SEAI_ELECTRICITY,2046,1.31863414588618
Mitigation_CAP21_A55E49-LED-techOptimism,SEAI_ELECTRICITY,2047,1.400237717725535
Mitigation_CAP21_A55E49-LED-techOptimism,SEAI_ELECTRICITY,2048,1.9216893312200047
Mitigation_CAP21_A55E49-LED-techOptimism,SEAI_ELECTRICITY,2049,2.4820595034621102
Mitigation_CAP21_A55E49-LED-techOptimism,SEAI_ELECTRICITY,2050,6.422370266600639
Mitigation_CAP21_A55E49-earlyCCS,SEAI_ELECTRICITY,2018,5.938364141177036
Mitigation_CAP21_A55E49-earlyCCS,SEAI_ELECTRICITY,2035,0.531589966958637
Mitigation_CAP21_A55E49-earlyCCS,SEAI_ELECTRICITY,2036,1.012760072561413
Mitigation_CAP21_A55E49-earlyCCS,SEAI_ELECTRICITY,2037,1.422942687814244
Mitigation_CAP21_A55E49-earlyCCS,SEAI_ELECTRICITY,2038,2.149728642149854
Mitigation_CAP21_A55E49-earlyCCS,SEAI_ELECTRICITY,2039,2.676957405419961
Mitigation_CAP21_A55E49-earlyCCS,SEAI_ELECTRICITY,2040,3.361311486581961
Mitigation_CAP21_A55E49-earlyCCS,SEAI_ELECTRICITY,2041,4.468971536087501
Mitigation_CAP21_A55E49-earlyCCS,SEAI_ELECTRICITY,2042,6.422370266600639
Mitigation_CAP21_A55E49-earlyCCS,SEAI_ELECTRICITY,2043,6.422370266600632
Mitigation_CAP21_A55E49-earlyCCS,SEAI_ELECTRICITY,2044,6.422370266600646
Mitigation_CAP21_A55E49-earlyCCS,SEAI_ELECTRICITY,2045,6.422370266600639
Mitigation_CAP21_A55E49-earlyCCS,SEAI_ELECTRICITY,2046,6.422370266600646
Mitigation_CAP21_A55E49-earlyCCS,SEAI_ELECTRICITY,2047,6.4223702666006375
Mitigation_CAP21_A55E49-earlyCCS,SEAI_ELECTRICITY,2048,6.422370266600635
Mitigation_CAP21_A55E49-earlyCCS,SEAI_ELECTRICITY,2049,6.42237026660064
Mitigation_CAP21_A55E49-earlyCCS,SEAI_ELECTRICITY,2050,6.422370266600639
Mitigation_CAP21_A55E49-highREN,SEAI_ELECTRICITY,2018,5.938364141177036
Mitigation_CAP21_A55E49-highREN,SEAI_ELECTRICITY,2036,0.5919693189504683
Mitigation_CAP21_A55E49-highREN,SEAI_ELECTRICITY,2037,1.043544991797901
Mitigation_CAP21_A55E49-highREN,SEAI_ELECTRICITY,2038,2.1160161081720217
Mitigation_CAP21_A55E49-highREN,SEAI_ELECTRICITY,2039,3.5572080011055034
Mitigation_CAP21_A55E49-highREN,SEAI_ELECTRICITY,2040,5.669683282501268
Mitigation_CAP21_A55E49-highREN,SEAI_ELECTRICITY,2041,6.42237026660064
Mitigation_CAP21_A55E49-highREN,SEAI_ELECTRICITY,2042,6.422370266600641
Mitigation_CAP21_A55E49-highREN,SEAI_ELECTRICITY,2043,6.422370266600639
Mitigation_CAP21_A55E49-highREN,SEAI_ELECTRICITY,2044,6.422370266600643
Mitigation_CAP21_A55E49-highREN,SEAI_ELECTRICITY,2045,6.422370266600641
Mitigation_CAP21_A55E49-highREN,SEAI_ELECTRICITY,2046,6.42237026660064
Mitigation_CAP21_A55E49-highREN,SEAI_ELECTRICITY,2047,6.422370266600639
Mitigation_CAP21_A55E49-highREN,SEAI_ELECTRICITY,2048,6.422370266600639
Mitigation_CAP21_A55E49-highREN,SEAI_ELECTRICITY,2049,6.4223702666006375
Mitigation_CAP21_A55E49-highREN,SEAI_ELECTRICITY,2050,6.422370266600642
Mitigation_CAP21_A55E49-lowBio,SEAI_ELECTRICITY,2018,5.938364141177036
Mitigation_CAP21_A55E49-lowBio,SEAI_ELECTRICITY,2034,0.48954711211309987
Mitigation_CAP21_A55E49-lowBio,SEAI_ELECTRICITY,2035,1.2450726754017198
Mitigation_CAP21_A55E49-lowBio,SEAI_ELECTRICITY,2036,3.0505367465192172
Mitigation_CAP21_A55E49-lowBio,SEAI_ELECTRICITY,2037,3.7162903936369522
Mitigation_CAP21_A55E49-lowBio,SEAI_ELECTRICITY,2038,4.582154094375818
Mitigation_CAP21_A55E49-lowBio,SEAI_ELECTRICITY,2039,3.842618724368263
Mitigation_CAP21_A55E49-lowBio,SEAI_ELECTRICITY,2040,3.4545887249408396
Mitigation_CAP21_A55E49-lowBio,SEAI_ELECTRICITY,2041,3.0980308788558513
Mitigation_CAP21_A55E49-lowBio,SEAI_ELECTRICITY,2042,4.283048640415321
Mitigation_CAP21_A55E49-lowBio,SEAI_ELECTRICITY,2043,3.983094384127509
Mitigation_CAP21_A55E49-lowBio,SEAI_ELECTRICITY,2044,6.422370266600639
Mitigation_CAP21_A55E49-lowBio,SEAI_ELECTRICITY,2045,6.422370266600634
Mitigation_CAP21_A55E49-lowBio,SEAI_ELECTRICITY,2046,6.422370266600646
Mitigation_CAP21_A55E49-lowBio,SEAI_ELECTRICITY,2047,6.422370266600636
Mitigation_CAP21_A55E49-lowBio,SEAI_ELECTRICITY,2048,6.422370266600639
Mitigation_CAP21_A55E49-lowBio,SEAI_ELECTRICITY,2049,6.422370266600645
Mitigation_CAP21_A55E49-lowBio,SEAI_ELECTRICITY,2050,6.422370266600643
Mitigation_CAP21_A55E49-techOptimism,SEAI_ELECTRICITY,2018,5.938364141177036
Mitigation_CAP21_A55E49-techOptimism,SEAI_ELECTRICITY,2035,0.0749619584585499
Mitigation_CAP21_A55E49-techOptimism,SEAI_ELECTRICITY,2036,0.734934658679086
Mitigation_CAP21_A55E49-techOptimism,SEAI_ELECTRICITY,2037,0.7449256151400819
Mitigation_CAP21_A55E49-techOptimism,SEAI_ELECTRICITY,2038,0.9711035617536604
Mitigation_CAP21_A55E49-techOptimism,SEAI_ELECTRICITY,2039,0.42916028446036303
Mitigation_CAP21_A55E49-techOptimism,SEAI_ELECTRICITY,2040,0.293244017731464
Mitigation_CAP21_A55E49-techOptimism,SEAI_ELECTRICITY,2041,0.23718790164332
Mitigation_CAP21_A55E49-techOptimism,SEAI_ELECTRICITY,2042,0.248002177102601
Mitigation_CAP21_A55E49-techOptimism,SEAI_ELECTRICITY,2050,6.422370266600642
Mitigation_WAM,SEAI_ELECTRICITY,2018,5.938364141177036
Mitigation_WAM,SEAI_ELECTRICITY,2049,0.109983751397475
Mitigation_WAM,SEAI_ELECTRICITY,2050,6.422370266600639
No_Mitigation,SEAI_ELECTRICITY,2018,5.938364141177036
No_Mitigation,SEAI_ELECTRICITY,2022,6.422370266600641
No_Mitigation,SEAI_ELECTRICITY,2023,6.422370266600638
No_Mitigation,SEAI_ELECTRICITY,2024,6.422370266600639
No_Mitigation,SEAI_ELECTRICITY,2025,6.422370266600635
No_Mitigation,SEAI_ELECTRICITY,2026,6.422370266600643
No_Mitigation,SEAI_ELECTRICITY,2050,6.422370266600645
